Customer_ID,Customer_Name,City
CUST001,Priya,Hyderabad
CUST002,Ravi,Mumbai
CUST003,Ravi,Chennai
CUST004,Pooja,Bangalore
CUST005,Ravi,Hyderabad
CUST006,Rahim,Mumbai
CUST007,Rahul,Bangalore
CUST008,Pooja,Mumbai
CUST009,Sneha,Delhi
CUST010,Arjun,Chennai
CUST011,Sneha,Mumbai
CUST012,Rahul,Kolkata
CUST013,Ravi,Bangalore
CUST014,Anjali,Pune
CUST015,Pooja,Ahmedabad
CUST016,Sneha,Chennai
CUST017,Pooja,Mumbai
CUST018,Sneha,Chennai
CUST019,Rahim,Mumbai
CUST020,Imran,Kolkata
CUST021,Priya,Chennai
CUST022,Pooja,Delhi
CUST023,Anjali,Bangalore
CUST024,Rahim,Chennai
CUST025,Anjali,Delhi
CUST026,Pooja,Mumbai
CUST027,Pooja,Kolkata
CUST028,Rahul,Chennai
CUST029,Karim,Delhi
CUST030,Anjali,Kolkata
CUST031,Ravi,Mumbai
CUST032,Arjun,Bangalore
CUST033,Pooja,Chennai
CUST034,Rahul,Kolkata
CUST035,Priya,Delhi
CUST036,Ravi,Mumbai
CUST037,Pooja,Kolkata
CUST038,Rahim,Mumbai
CUST039,Sneha,Chennai
CUST040,Rahim,Mumbai
CUST041,Imran,Ahmedabad
CUST042,Rahul,Kolkata
CUST043,Anjali,Chennai
CUST044,Pooja,Mumbai
CUST045,Rahul,Bangalore
CUST046,Ravi,Bangalore
CUST047,Karim,Hyderabad
CUST048,Pooja,Kolkata
CUST049,Arjun,Ahmedabad
CUST050,Arjun,Kolkata
CUST051,Rahul,Ahmedabad
CUST052,Priya,Chennai
CUST053,Rahim,Kolkata
CUST054,Imran,Ahmedabad
CUST055,Ravi,Ahmedabad
CUST056,Rahul,Delhi
CUST057,Arjun,Chennai
CUST058,Arjun,Bangalore
CUST059,Pooja,Kolkata
CUST060,Rahul,Ahmedabad
CUST061,Imran,Chennai
CUST062,Arjun,Mumbai
CUST063,Rahim,Pune
CUST064,Karim,Delhi
CUST065,Sneha,Ahmedabad
CUST066,Anjali,Pune
CUST067,Pooja,Hyderabad
CUST068,Rahul,Ahmedabad
CUST069,Rahim,Kolkata
CUST070,Priya,Pune
CUST071,Sneha,Ahmedabad
CUST072,Rahim,Mumbai
CUST073,Arjun,Kolkata
CUST074,Priya,Bangalore
CUST075,Arjun,Kolkata
CUST076,Rahul,Bangalore
CUST077,Rahul,Bangalore
CUST078,Arjun,Pune
CUST079,Ravi,Chennai
CUST080,Sneha,Chennai
CUST081,Anjali,Mumbai
CUST082,Arjun,Chennai
CUST083,Anjali,Delhi
CUST084,Sneha,Mumbai
CUST085,Arjun,Kolkata
CUST086,Ravi,Bangalore
CUST087,Sneha,Mumbai
CUST088,Pooja,Bangalore
CUST089,Arjun,Bangalore
CUST090,Priya,Kolkata
CUST091,Ravi,Kolkata
CUST092,Rahul,Delhi
CUST093,Sneha,Delhi
CUST094,Ravi,Kolkata
CUST095,Anjali,Mumbai
CUST096,Pooja,Pune
CUST097,Karim,Kolkata
CUST098,Rahul,Ahmedabad
CUST099,Rahim,Bangalore
CUST100,Anjali,Chennai
CUST101,Anjali,Kolkata
CUST102,Sneha,Bangalore
CUST103,Karim,Bangalore
CUST104,Sneha,Ahmedabad
CUST105,Priya,Mumbai
CUST106,Pooja,Bangalore
CUST107,Rahim,Hyderabad
CUST108,Rahim,Kolkata
CUST109,Sneha,Kolkata
CUST110,Anjali,Bangalore
CUST111,Karim,Kolkata
CUST112,Arjun,Mumbai
CUST113,Pooja,Bangalore
CUST114,Karim,Mumbai
CUST115,Sneha,Delhi
CUST116,Ravi,Mumbai
CUST117,Priya,Chennai
CUST118,Arjun,Kolkata
CUST119,Sneha,Bangalore
CUST120,Arjun,Mumbai
CUST121,Rahul,Kolkata
CUST122,Imran,Bangalore
CUST123,Imran,Ahmedabad
CUST124,Imran,Kolkata
CUST125,Priya,Bangalore
CUST126,Anjali,Kolkata
CUST127,Rahul,Mumbai
CUST128,Sneha,Bangalore
CUST129,Anjali,Bangalore
CUST130,Imran,Kolkata
CUST131,Anjali,Bangalore
CUST132,Karim,Bangalore
CUST133,Imran,Hyderabad
CUST134,Karim,Kolkata
CUST135,Rahul,Hyderabad
CUST136,Rahul,Pune
CUST137,Sneha,Kolkata
CUST138,Sneha,Delhi
CUST139,Karim,Bangalore
CUST140,Pooja,Kolkata
CUST141,Karim,Pune
CUST142,Sneha,Ahmedabad
CUST143,Ravi,Kolkata
CUST144,Arjun,Kolkata
CUST145,Pooja,Bangalore
CUST146,Imran,Bangalore
CUST147,Karim,Delhi
CUST148,Karim,Pune
CUST149,Rahul,Pune
CUST150,Pooja,Kolkata
CUST151,Rahim,Pune
CUST152,Rahul,Chennai
CUST153,Imran,Kolkata
CUST154,Rahul,Chennai
CUST155,Priya,Kolkata
CUST156,Anjali,Delhi
CUST157,Ravi,Hyderabad
CUST158,Arjun,Chennai
CUST159,Sneha,Chennai
CUST160,Imran,Ahmedabad
CUST161,Priya,Mumbai
CUST162,Karim,Kolkata
CUST163,Karim,Hyderabad
CUST164,Sneha,Hyderabad
CUST165,Sneha,Delhi
CUST166,Ravi,Delhi
CUST167,Rahul,Bangalore
CUST168,Rahim,Chennai
CUST169,Rahul,Mumbai
CUST170,Rahim,Kolkata
CUST171,Pooja,Hyderabad
CUST172,Imran,Pune
CUST173,Pooja,Ahmedabad
CUST174,Karim,Bangalore
CUST175,Imran,Bangalore
CUST176,Sneha,Ahmedabad
CUST177,Arjun,Mumbai
CUST178,Priya,Bangalore
CUST179,Karim,Ahmedabad
CUST180,Rahul,Delhi
CUST181,Karim,Ahmedabad
CUST182,Karim,Pune
CUST183,Sneha,Hyderabad
CUST184,Karim,Kolkata
CUST185,Ravi,Kolkata
CUST186,Sneha,Hyderabad
CUST187,Rahul,Delhi
CUST188,Arjun,Hyderabad
CUST189,Arjun,Hyderabad
CUST190,Imran,Bangalore
CUST191,Karim,Bangalore
CUST192,Arjun,Kolkata
CUST193,Rahim,Chennai
CUST194,Imran,Ahmedabad
CUST195,Arjun,Mumbai
CUST196,Rahul,Bangalore
CUST197,Rahim,Delhi
CUST198,Arjun,Ahmedabad
CUST199,Priya,Ahmedabad
CUST200,Rahim,Bangalore
CUST201,Rahul,Kolkata
CUST202,Ravi,Ahmedabad
CUST203,Imran,Ahmedabad
CUST204,Pooja,Delhi
CUST205,Ravi,Ahmedabad
CUST206,Anjali,Kolkata
CUST207,Karim,Kolkata
CUST208,Rahul,Ahmedabad
CUST209,Rahul,Mumbai
CUST210,Rahim,Mumbai
CUST211,Ravi,Bangalore
CUST212,Pooja,Chennai
CUST213,Anjali,Delhi
CUST214,Arjun,Mumbai
CUST215,Sneha,Delhi
CUST216,Sneha,Bangalore
CUST217,Pooja,Pune
CUST218,Imran,Delhi
CUST219,Priya,Hyderabad
CUST220,Karim,Bangalore
CUST221,Anjali,Hyderabad
CUST222,Rahim,Bangalore
CUST223,Pooja,Kolkata
CUST224,Rahim,Kolkata
CUST225,Sneha,Chennai
CUST226,Imran,Kolkata
CUST227,Pooja,Pune
CUST228,Ravi,Kolkata
CUST229,Rahul,Ahmedabad
CUST230,Anjali,Bangalore
CUST231,Priya,Kolkata
CUST232,Arjun,Delhi
CUST233,Rahim,Bangalore
CUST234,Rahim,Kolkata
CUST235,Sneha,Delhi
CUST236,Ravi,Hyderabad
CUST237,Anjali,Delhi
CUST238,Rahim,Hyderabad
CUST239,Arjun,Kolkata
CUST240,Ravi,Hyderabad
CUST241,Sneha,Kolkata
CUST242,Arjun,Chennai
CUST243,Karim,Chennai
CUST244,Sneha,Bangalore
CUST245,Karim,Mumbai
CUST246,Pooja,Bangalore
CUST247,Ravi,Chennai
CUST248,Arjun,Bangalore
CUST249,Anjali,Ahmedabad
CUST250,Anjali,Delhi
CUST251,Rahim,Kolkata
CUST252,Rahul,Delhi
CUST253,Rahul,Bangalore
CUST254,Imran,Delhi
CUST255,Priya,Kolkata
CUST256,Rahim,Ahmedabad
CUST257,Rahul,Hyderabad
CUST258,Priya,Pune
CUST259,Anjali,Hyderabad
CUST260,Priya,Kolkata
CUST261,Anjali,Bangalore
CUST262,Priya,Chennai
CUST263,Rahul,Ahmedabad
CUST264,Rahim,Bangalore
CUST265,Arjun,Bangalore
CUST266,Pooja,Kolkata
CUST267,Anjali,Mumbai
CUST268,Imran,Hyderabad
CUST269,Arjun,Kolkata
CUST270,Karim,Bangalore
CUST271,Arjun,Delhi
CUST272,Priya,Chennai
CUST273,Imran,Mumbai
CUST274,Arjun,Pune
CUST275,Pooja,Ahmedabad
CUST276,Karim,Kolkata
CUST277,Rahul,Pune
CUST278,Pooja,Kolkata
CUST279,Ravi,Chennai
CUST280,Rahul,Chennai
CUST281,Arjun,Delhi
CUST282,Karim,Mumbai
CUST283,Anjali,Chennai
CUST284,Karim,Hyderabad
CUST285,Rahim,Chennai
CUST286,Priya,Ahmedabad
CUST287,Imran,Chennai
CUST288,Priya,Bangalore
CUST289,Pooja,Mumbai
CUST290,Priya,Pune
CUST291,Imran,Bangalore
CUST292,Karim,Pune
CUST293,Rahim,Pune
CUST294,Ravi,Bangalore
CUST295,Imran,Bangalore
CUST296,Rahim,Chennai
CUST297,Pooja,Hyderabad
CUST298,Rahim,Kolkata
CUST299,Karim,Hyderabad
CUST300,Ravi,Chennai
CUST301,Karim,Kolkata
CUST302,Priya,Delhi
CUST303,Arjun,Hyderabad
CUST304,Rahim,Mumbai
CUST305,Sneha,Delhi
CUST306,Rahim,Delhi
CUST307,Arjun,Ahmedabad
CUST308,Rahim,Hyderabad
CUST309,Karim,Pune
CUST310,Arjun,Delhi
CUST311,Anjali,Mumbai
CUST312,Arjun,Pune
CUST313,Rahul,Ahmedabad
CUST314,Imran,Ahmedabad
CUST315,Rahul,Kolkata
CUST316,Sneha,Pune
CUST317,Sneha,Pune
CUST318,Imran,Kolkata
CUST319,Sneha,Bangalore
CUST320,Pooja,Pune
CUST321,Priya,Bangalore
CUST322,Karim,Bangalore
CUST323,Imran,Pune
CUST324,Arjun,Bangalore
CUST325,Rahul,Kolkata
CUST326,Anjali,Bangalore
CUST327,Anjali,Kolkata
CUST328,Sneha,Bangalore
CUST329,Priya,Delhi
CUST330,Rahim,Delhi
CUST331,Sneha,Hyderabad
CUST332,Ravi,Bangalore
CUST333,Priya,Delhi
CUST334,Karim,Pune
CUST335,Ravi,Chennai
CUST336,Anjali,Chennai
CUST337,Ravi,Ahmedabad
CUST338,Arjun,Hyderabad
CUST339,Rahul,Ahmedabad
CUST340,Rahim,Kolkata
CUST341,Priya,Hyderabad
CUST342,Karim,Pune
CUST343,Priya,Bangalore
CUST344,Sneha,Bangalore
CUST345,Karim,Bangalore
CUST346,Rahim,Mumbai
CUST347,Priya,Chennai
CUST348,Sneha,Kolkata
CUST349,Pooja,Mumbai
CUST350,Arjun,Ahmedabad
CUST351,Anjali,Chennai
CUST352,Rahim,Ahmedabad
CUST353,Karim,Chennai
CUST354,Pooja,Mumbai
CUST355,Imran,Chennai
CUST356,Sneha,Delhi
CUST357,Rahul,Mumbai
CUST358,Rahim,Delhi
CUST359,Pooja,Kolkata
CUST360,Ravi,Ahmedabad
CUST361,Pooja,Mumbai
CUST362,Imran,Chennai
CUST363,Imran,Bangalore
CUST364,Rahul,Pune
CUST365,Rahim,Bangalore
CUST366,Sneha,Delhi
CUST367,Karim,Kolkata
CUST368,Anjali,Kolkata
CUST369,Rahim,Mumbai
CUST370,Rahul,Kolkata
CUST371,Arjun,Pune
CUST372,Ravi,Ahmedabad
CUST373,Priya,Chennai
CUST374,Anjali,Hyderabad
CUST375,Pooja,Kolkata
CUST376,Ravi,Bangalore
CUST377,Arjun,Hyderabad
CUST378,Rahul,Bangalore
CUST379,Rahul,Hyderabad
CUST380,Rahul,Delhi
CUST381,Ravi,Pune
CUST382,Pooja,Mumbai
CUST383,Rahim,Pune
CUST384,Rahul,Ahmedabad
CUST385,Pooja,Ahmedabad
CUST386,Pooja,Kolkata
CUST387,Karim,Pune
CUST388,Sneha,Bangalore
CUST389,Sneha,Kolkata
CUST390,Rahim,Kolkata
CUST391,Rahul,Bangalore
CUST392,Arjun,Hyderabad
CUST393,Imran,Chennai
CUST394,Sneha,Delhi
CUST395,Ravi,Kolkata
CUST396,Anjali,Pune
CUST397,Arjun,Bangalore
CUST398,Priya,Kolkata
CUST399,Ravi,Delhi
CUST400,Pooja,Ahmedabad
CUST401,Anjali,Kolkata
CUST402,Anjali,Pune
CUST403,Imran,Pune
CUST404,Karim,Pune
CUST405,Sneha,Bangalore
CUST406,Imran,Kolkata
CUST407,Arjun,Hyderabad
CUST408,Priya,Ahmedabad
CUST409,Anjali,Bangalore
CUST410,Pooja,Chennai
CUST411,Pooja,Hyderabad
CUST412,Rahul,Chennai
CUST413,Arjun,Pune
CUST414,Rahul,Bangalore
CUST415,Sneha,Chennai
CUST416,Pooja,Hyderabad
CUST417,Anjali,Chennai
CUST418,Rahul,Mumbai
CUST419,Pooja,Delhi
CUST420,Anjali,Delhi
CUST421,Karim,Delhi
CUST422,Arjun,Pune
CUST423,Arjun,Bangalore
CUST424,Ravi,Chennai
CUST425,Sneha,Kolkata
CUST426,Ravi,Hyderabad
CUST427,Rahul,Kolkata
CUST428,Pooja,Ahmedabad
CUST429,Karim,Hyderabad
CUST430,Ravi,Mumbai
CUST431,Imran,Mumbai
CUST432,Karim,Chennai
CUST433,Sneha,Kolkata
CUST434,Priya,Bangalore
CUST435,Ravi,Kolkata
CUST436,Anjali,Pune
CUST437,Sneha,Delhi
CUST438,Imran,Delhi
CUST439,Pooja,Pune
CUST440,Imran,Bangalore
CUST441,Karim,Kolkata
CUST442,Ravi,Kolkata
CUST443,Sneha,Bangalore
CUST444,Sneha,Delhi
CUST445,Arjun,Mumbai
CUST446,Sneha,Chennai
CUST447,Priya,Mumbai
CUST448,Pooja,Pune
CUST449,Karim,Kolkata
CUST450,Arjun,Bangalore
CUST451,Rahul,Pune
CUST452,Arjun,Bangalore
CUST453,Imran,Chennai
CUST454,Karim,Hyderabad
CUST455,Arjun,Kolkata
CUST456,Ravi,Kolkata
CUST457,Sneha,Bangalore
CUST458,Imran,Chennai
CUST459,Anjali,Kolkata
CUST460,Sneha,Mumbai
CUST461,Rahim,Ahmedabad
CUST462,Pooja,Hyderabad
CUST463,Anjali,Hyderabad
CUST464,Pooja,Bangalore
CUST465,Sneha,Ahmedabad
CUST466,Imran,Delhi
CUST467,Rahul,Mumbai
CUST468,Karim,Kolkata
CUST469,Arjun,Mumbai
CUST470,Sneha,Kolkata
CUST471,Karim,Bangalore
CUST472,Ravi,Mumbai
CUST473,Rahul,Kolkata
CUST474,Rahul,Bangalore
CUST475,Rahul,Chennai
CUST476,Rahul,Delhi
CUST477,Rahul,Hyderabad
CUST478,Rahul,Bangalore
CUST479,Rahim,Ahmedabad
CUST480,Rahul,Delhi
CUST481,Sneha,Bangalore
CUST482,Sneha,Pune
CUST483,Rahul,Chennai
CUST484,Rahim,Chennai
CUST485,Imran,Kolkata
CUST486,Rahul,Pune
CUST487,Arjun,Bangalore
CUST488,Pooja,Kolkata
CUST489,Sneha,Delhi
CUST490,Imran,Kolkata
CUST491,Imran,Hyderabad
CUST492,Priya,Bangalore
CUST493,Rahim,Delhi
CUST494,Imran,Kolkata
CUST495,Ravi,Kolkata
CUST496,Imran,Ahmedabad
CUST497,Rahul,Mumbai
CUST498,Arjun,Chennai
CUST499,Anjali,Mumbai
CUST500,Pooja,Chennai
