Order_ID,Order_Date,Customer_ID,Product_ID,Quantity,Price,Total_Sales,Payment_Mode,Order_Status
ORD0001,2024-03-11,CUST199,PROD013,1,700,700,UPI,Processing
ORD0002,2024-12-12,CUST243,PROD013,4,700,2800,COD,Delivered
ORD0003,2024-10-02,CUST029,PROD006,2,2000,4000,Card,Returned
ORD0004,2024-06-15,CUST010,PROD030,2,2400,4800,UPI,Delivered
ORD0005,2024-07-07,CUST402,PROD025,2,55000,110000,COD,Processing
ORD0006,2024-02-26,CUST400,PROD011,1,700,700,UPI,Delivered
ORD0007,2024-12-04,CUST213,PROD007,3,400,1200,Card,Processing
ORD0008,2024-04-03,CUST205,PROD017,2,1500,3000,Card,Delivered
ORD0009,2024-10-24,CUST460,PROD001,4,55000,220000,Card,Delivered
ORD0010,2024-01-08,CUST035,PROD029,1,20000,20000,UPI,Delivered
ORD0011,2024-08-12,CUST292,PROD011,1,700,700,COD,Returned
ORD0012,2024-04-05,CUST294,PROD010,5,2400,12000,Card,Delivered
ORD0013,2024-03-03,CUST470,PROD014,4,2000,8000,Card,Shipped
ORD0014,2024-12-10,CUST440,PROD019,2,2400,4800,UPI,Delivered
ORD0015,2024-07-08,CUST378,PROD028,1,2000,2000,COD,Returned
ORD0016,2024-05-04,CUST156,PROD015,4,55000,220000,Card,Delivered
ORD0017,2024-12-10,CUST446,PROD021,1,1500,1500,COD,Delivered
ORD0018,2024-04-30,CUST082,PROD019,4,2400,9600,COD,Delivered
ORD0019,2024-01-10,CUST007,PROD015,1,55000,55000,UPI,Delivered
ORD0020,2024-08-10,CUST257,PROD022,5,55000,275000,Card,Delivered
ORD0021,2024-09-19,CUST005,PROD015,3,55000,165000,Card,Processing
ORD0022,2024-07-19,CUST195,PROD003,4,25000,100000,Card,Delivered
ORD0023,2024-12-17,CUST495,PROD009,3,25000,75000,Card,Delivered
ORD0024,2024-08-18,CUST137,PROD027,2,30000,60000,Card,Processing
ORD0025,2024-03-11,CUST349,PROD012,3,30000,90000,COD,Delivered
ORD0026,2024-01-03,CUST253,PROD013,1,700,700,COD,Delivered
ORD0027,2024-12-20,CUST089,PROD012,4,30000,120000,UPI,Processing
ORD0028,2024-08-16,CUST002,PROD025,2,55000,110000,Card,Delivered
ORD0029,2024-08-20,CUST240,PROD006,5,2000,10000,Card,Delivered
ORD0030,2024-03-05,CUST001,PROD008,3,20000,60000,Card,Delivered
ORD0031,2024-01-16,CUST409,PROD010,3,2400,7200,COD,Returned
ORD0032,2024-11-21,CUST484,PROD005,1,1500,1500,Card,Shipped
ORD0033,2024-07-31,CUST391,PROD001,4,55000,220000,Card,Delivered
ORD0034,2024-12-07,CUST472,PROD011,3,700,2100,COD,Delivered
ORD0035,2024-10-20,CUST011,PROD009,4,25000,100000,COD,Delivered
ORD0036,2024-05-22,CUST007,PROD021,2,1500,3000,Card,Delivered
ORD0037,2024-11-22,CUST213,PROD027,5,30000,150000,Card,Delivered
ORD0038,2024-02-25,CUST156,PROD013,1,700,700,COD,Delivered
ORD0039,2024-10-15,CUST397,PROD006,4,2000,8000,Card,Delivered
ORD0040,2024-03-23,CUST097,PROD023,5,20000,100000,Card,Delivered
ORD0041,2024-02-20,CUST412,PROD018,1,20000,20000,COD,Processing
ORD0042,2024-10-29,CUST459,PROD025,1,55000,55000,Card,Delivered
ORD0043,2024-04-25,CUST156,PROD023,5,20000,100000,Card,Delivered
ORD0044,2024-05-07,CUST438,PROD026,3,20000,60000,UPI,Delivered
ORD0045,2024-05-10,CUST086,PROD020,5,2000,10000,Card,Processing
ORD0046,2024-06-12,CUST380,PROD019,2,2400,4800,UPI,Returned
ORD0047,2024-02-08,CUST361,PROD003,2,25000,50000,COD,Cancelled
ORD0048,2024-06-17,CUST485,PROD011,5,700,3500,UPI,Delivered
ORD0049,2024-11-05,CUST085,PROD006,4,2000,8000,Card,Delivered
ORD0050,2024-05-09,CUST212,PROD021,5,1500,7500,COD,Delivered
ORD0051,2024-11-07,CUST362,PROD009,2,25000,50000,UPI,Shipped
ORD0052,2024-10-26,CUST436,PROD020,5,2000,10000,Card,Delivered
ORD0053,2024-10-14,CUST458,PROD002,5,20000,100000,Card,Shipped
ORD0054,2024-11-08,CUST309,PROD029,2,20000,40000,UPI,Delivered
ORD0055,2024-02-11,CUST073,PROD014,2,2000,4000,Card,Processing
ORD0056,2024-12-21,CUST466,PROD017,2,1500,3000,UPI,Processing
ORD0057,2024-08-14,CUST112,PROD007,2,400,800,Card,Delivered
ORD0058,2024-07-01,CUST195,PROD004,2,55000,110000,UPI,Shipped
ORD0059,2024-05-31,CUST267,PROD005,4,1500,6000,COD,Delivered
ORD0060,2024-10-14,CUST337,PROD017,2,1500,3000,Card,Cancelled
ORD0061,2024-09-05,CUST316,PROD030,5,2400,12000,Card,Shipped
ORD0062,2024-01-04,CUST038,PROD017,4,1500,6000,Card,Delivered
ORD0063,2024-01-18,CUST134,PROD012,5,30000,150000,COD,Processing
ORD0064,2024-02-25,CUST442,PROD014,4,2000,8000,COD,Shipped
ORD0065,2024-02-11,CUST082,PROD005,1,1500,1500,Card,Delivered
ORD0066,2024-09-23,CUST035,PROD002,2,20000,40000,COD,Delivered
ORD0067,2024-03-13,CUST104,PROD010,3,2400,7200,UPI,Delivered
ORD0068,2024-07-18,CUST013,PROD011,3,700,2100,COD,Processing
ORD0069,2024-04-09,CUST159,PROD029,1,20000,20000,UPI,Shipped
ORD0070,2024-05-06,CUST038,PROD024,2,2400,4800,COD,Delivered
ORD0071,2024-07-27,CUST438,PROD020,3,2000,6000,COD,Returned
ORD0072,2024-06-14,CUST283,PROD014,5,2000,10000,UPI,Delivered
ORD0073,2024-05-16,CUST194,PROD007,4,400,1600,Card,Delivered
ORD0074,2024-03-10,CUST292,PROD018,1,20000,20000,COD,Returned
ORD0075,2024-04-09,CUST261,PROD016,4,1500,6000,COD,Delivered
ORD0076,2024-06-01,CUST190,PROD030,2,2400,4800,Card,Delivered
ORD0077,2024-02-18,CUST208,PROD030,1,2400,2400,Card,Returned
ORD0078,2024-09-19,CUST394,PROD019,4,2400,9600,COD,Processing
ORD0079,2024-01-13,CUST457,PROD012,5,30000,150000,Card,Processing
ORD0080,2024-10-24,CUST296,PROD004,1,55000,55000,COD,Delivered
ORD0081,2024-01-06,CUST077,PROD023,3,20000,60000,UPI,Shipped
ORD0082,2024-04-18,CUST288,PROD001,1,55000,55000,UPI,Delivered
ORD0083,2024-04-02,CUST380,PROD030,4,2400,9600,UPI,Processing
ORD0084,2024-08-23,CUST215,PROD016,1,1500,1500,UPI,Delivered
ORD0085,2024-10-29,CUST173,PROD005,5,1500,7500,Card,Delivered
ORD0086,2024-12-18,CUST487,PROD013,2,700,1400,Card,Delivered
ORD0087,2024-06-18,CUST149,PROD019,3,2400,7200,COD,Cancelled
ORD0088,2024-08-09,CUST027,PROD018,1,20000,20000,UPI,Delivered
ORD0089,2024-04-24,CUST084,PROD007,1,400,400,UPI,Delivered
ORD0090,2024-09-02,CUST442,PROD014,3,2000,6000,COD,Delivered
ORD0091,2024-11-26,CUST484,PROD029,2,20000,40000,COD,Delivered
ORD0092,2024-07-13,CUST007,PROD016,1,1500,1500,UPI,Delivered
ORD0093,2024-06-25,CUST461,PROD023,4,20000,80000,Card,Cancelled
ORD0094,2024-12-26,CUST185,PROD023,3,20000,60000,UPI,Delivered
ORD0095,2024-01-12,CUST410,PROD005,1,1500,1500,UPI,Delivered
ORD0096,2024-11-21,CUST025,PROD011,3,700,2100,COD,Delivered
ORD0097,2024-05-10,CUST107,PROD022,1,55000,55000,Card,Delivered
ORD0098,2024-09-26,CUST206,PROD012,4,30000,120000,Card,Cancelled
ORD0099,2024-09-27,CUST342,PROD013,3,700,2100,UPI,Shipped
ORD0100,2024-03-11,CUST468,PROD008,1,20000,20000,COD,Delivered
ORD0101,2024-05-08,CUST184,PROD011,2,700,1400,UPI,Delivered
ORD0102,2024-08-07,CUST340,PROD002,1,20000,20000,COD,Delivered
ORD0103,2024-02-23,CUST241,PROD004,5,55000,275000,COD,Returned
ORD0104,2024-03-13,CUST482,PROD001,5,55000,275000,Card,Delivered
ORD0105,2024-06-06,CUST012,PROD025,3,55000,165000,COD,Delivered
ORD0106,2024-09-12,CUST148,PROD022,1,55000,55000,UPI,Delivered
ORD0107,2024-12-20,CUST429,PROD015,4,55000,220000,Card,Cancelled
ORD0108,2024-11-06,CUST312,PROD010,3,2400,7200,Card,Shipped
ORD0109,2024-12-03,CUST211,PROD014,1,2000,2000,COD,Shipped
ORD0110,2024-08-19,CUST139,PROD002,1,20000,20000,UPI,Delivered
ORD0111,2024-04-06,CUST390,PROD009,2,25000,50000,UPI,Processing
ORD0112,2024-02-24,CUST082,PROD019,2,2400,4800,UPI,Delivered
ORD0113,2024-05-19,CUST228,PROD023,2,20000,40000,COD,Returned
ORD0114,2024-08-23,CUST187,PROD025,5,55000,275000,Card,Delivered
ORD0115,2024-03-18,CUST420,PROD002,5,20000,100000,COD,Shipped
ORD0116,2024-02-12,CUST173,PROD024,2,2400,4800,Card,Delivered
ORD0117,2024-11-16,CUST110,PROD019,3,2400,7200,UPI,Delivered
ORD0118,2024-01-05,CUST053,PROD016,1,1500,1500,UPI,Delivered
ORD0119,2024-07-11,CUST431,PROD007,5,400,2000,UPI,Delivered
ORD0120,2024-01-16,CUST346,PROD019,5,2400,12000,COD,Returned
ORD0121,2024-02-15,CUST360,PROD007,5,400,2000,COD,Delivered
ORD0122,2024-03-27,CUST158,PROD026,4,20000,80000,Card,Cancelled
ORD0123,2024-02-21,CUST131,PROD019,4,2400,9600,UPI,Delivered
ORD0124,2024-05-03,CUST172,PROD011,2,700,1400,UPI,Returned
ORD0125,2024-09-12,CUST183,PROD021,1,1500,1500,COD,Delivered
ORD0126,2024-03-24,CUST017,PROD023,4,20000,80000,COD,Delivered
ORD0127,2024-01-27,CUST363,PROD021,5,1500,7500,Card,Delivered
ORD0128,2024-03-06,CUST137,PROD026,1,20000,20000,COD,Delivered
ORD0129,2024-05-18,CUST055,PROD013,5,700,3500,Card,Delivered
ORD0130,2024-02-05,CUST286,PROD019,1,2400,2400,COD,Cancelled
ORD0131,2024-09-18,CUST208,PROD030,2,2400,4800,UPI,Returned
ORD0132,2024-04-09,CUST399,PROD030,2,2400,4800,UPI,Delivered
ORD0133,2024-03-11,CUST443,PROD029,3,20000,60000,Card,Delivered
ORD0134,2024-01-21,CUST235,PROD018,5,20000,100000,Card,Delivered
ORD0135,2024-02-18,CUST463,PROD025,4,55000,220000,Card,Delivered
ORD0136,2024-06-28,CUST139,PROD007,3,400,1200,Card,Delivered
ORD0137,2024-03-31,CUST323,PROD025,5,55000,275000,UPI,Returned
ORD0138,2024-04-12,CUST102,PROD016,4,1500,6000,COD,Delivered
ORD0139,2024-07-16,CUST144,PROD003,1,25000,25000,Card,Returned
ORD0140,2024-10-29,CUST459,PROD004,5,55000,275000,UPI,Delivered
ORD0141,2024-04-19,CUST327,PROD001,2,55000,110000,UPI,Delivered
ORD0142,2024-08-17,CUST044,PROD012,3,30000,90000,UPI,Delivered
ORD0143,2024-06-11,CUST219,PROD002,1,20000,20000,Card,Delivered
ORD0144,2024-05-19,CUST301,PROD014,4,2000,8000,Card,Processing
ORD0145,2024-09-29,CUST376,PROD010,5,2400,12000,COD,Processing
ORD0146,2024-08-28,CUST346,PROD027,2,30000,60000,UPI,Delivered
ORD0147,2024-10-06,CUST413,PROD029,4,20000,80000,Card,Processing
ORD0148,2024-10-19,CUST028,PROD013,5,700,3500,UPI,Shipped
ORD0149,2024-04-17,CUST414,PROD021,1,1500,1500,Card,Returned
ORD0150,2024-08-22,CUST020,PROD012,5,30000,150000,UPI,Returned
ORD0151,2024-07-22,CUST131,PROD030,4,2400,9600,Card,Returned
ORD0152,2024-01-31,CUST409,PROD006,1,2000,2000,UPI,Cancelled
ORD0153,2024-01-24,CUST031,PROD022,5,55000,275000,Card,Delivered
ORD0154,2024-04-20,CUST012,PROD030,5,2400,12000,COD,Delivered
ORD0155,2024-02-28,CUST017,PROD007,2,400,800,Card,Delivered
ORD0156,2024-08-08,CUST365,PROD002,1,20000,20000,COD,Delivered
ORD0157,2024-11-16,CUST281,PROD005,1,1500,1500,COD,Returned
ORD0158,2024-06-16,CUST367,PROD016,5,1500,7500,UPI,Processing
ORD0159,2024-12-09,CUST445,PROD030,3,2400,7200,COD,Shipped
ORD0160,2024-11-28,CUST112,PROD012,3,30000,90000,UPI,Delivered
ORD0161,2024-12-27,CUST400,PROD004,3,55000,165000,UPI,Delivered
ORD0162,2024-08-27,CUST306,PROD011,3,700,2100,UPI,Returned
ORD0163,2024-07-18,CUST168,PROD018,1,20000,20000,UPI,Delivered
ORD0164,2024-08-24,CUST178,PROD021,3,1500,4500,UPI,Returned
ORD0165,2024-12-11,CUST244,PROD016,1,1500,1500,COD,Delivered
ORD0166,2024-05-11,CUST043,PROD024,3,2400,7200,COD,Processing
ORD0167,2024-09-01,CUST240,PROD016,4,1500,6000,Card,Returned
ORD0168,2024-08-11,CUST098,PROD003,1,25000,25000,Card,Returned
ORD0169,2024-11-25,CUST251,PROD012,1,30000,30000,UPI,Shipped
ORD0170,2024-02-03,CUST069,PROD029,5,20000,100000,COD,Processing
ORD0171,2024-06-12,CUST105,PROD009,1,25000,25000,COD,Delivered
ORD0172,2024-01-17,CUST471,PROD025,4,55000,220000,COD,Delivered
ORD0173,2024-06-02,CUST109,PROD026,1,20000,20000,Card,Processing
ORD0174,2024-01-25,CUST425,PROD006,2,2000,4000,UPI,Returned
ORD0175,2024-08-04,CUST255,PROD008,3,20000,60000,Card,Delivered
ORD0176,2024-04-14,CUST120,PROD017,4,1500,6000,UPI,Returned
ORD0177,2024-11-26,CUST103,PROD008,4,20000,80000,COD,Delivered
ORD0178,2024-03-05,CUST368,PROD005,2,1500,3000,Card,Delivered
ORD0179,2024-01-23,CUST009,PROD015,1,55000,55000,Card,Delivered
ORD0180,2024-06-05,CUST189,PROD003,4,25000,100000,UPI,Shipped
ORD0181,2024-08-05,CUST364,PROD010,2,2400,4800,COD,Delivered
ORD0182,2024-07-17,CUST029,PROD013,3,700,2100,COD,Delivered
ORD0183,2024-12-09,CUST001,PROD021,3,1500,4500,UPI,Delivered
ORD0184,2024-01-14,CUST368,PROD010,1,2400,2400,Card,Delivered
ORD0185,2024-09-24,CUST318,PROD009,3,25000,75000,Card,Processing
ORD0186,2024-12-12,CUST405,PROD015,5,55000,275000,UPI,Delivered
ORD0187,2024-11-26,CUST022,PROD009,2,25000,50000,UPI,Delivered
ORD0188,2024-11-07,CUST292,PROD022,3,55000,165000,UPI,Delivered
ORD0189,2024-11-20,CUST353,PROD023,5,20000,100000,UPI,Delivered
ORD0190,2024-06-23,CUST181,PROD020,2,2000,4000,Card,Delivered
ORD0191,2024-02-06,CUST072,PROD025,4,55000,220000,COD,Delivered
ORD0192,2024-10-24,CUST419,PROD029,3,20000,60000,UPI,Cancelled
ORD0193,2024-05-04,CUST065,PROD025,2,55000,110000,Card,Delivered
ORD0194,2024-08-03,CUST331,PROD016,5,1500,7500,COD,Processing
ORD0195,2024-10-24,CUST460,PROD018,2,20000,40000,UPI,Cancelled
ORD0196,2024-07-29,CUST387,PROD018,4,20000,80000,UPI,Returned
ORD0197,2024-07-18,CUST126,PROD013,1,700,700,COD,Delivered
ORD0198,2024-08-02,CUST060,PROD009,3,25000,75000,Card,Processing
ORD0199,2024-09-11,CUST401,PROD008,1,20000,20000,COD,Returned
ORD0200,2024-07-15,CUST364,PROD010,4,2400,9600,UPI,Shipped
ORD0201,2024-10-21,CUST462,PROD024,4,2400,9600,UPI,Delivered
ORD0202,2024-06-12,CUST368,PROD002,3,20000,60000,COD,Delivered
ORD0203,2024-04-04,CUST079,PROD010,1,2400,2400,UPI,Delivered
ORD0204,2024-12-30,CUST451,PROD004,3,55000,165000,Card,Delivered
ORD0205,2024-09-22,CUST189,PROD006,3,2000,6000,COD,Returned
ORD0206,2024-11-14,CUST204,PROD022,2,55000,110000,COD,Shipped
ORD0207,2024-06-11,CUST435,PROD027,1,30000,30000,UPI,Cancelled
ORD0208,2024-05-09,CUST033,PROD008,2,20000,40000,UPI,Cancelled
ORD0209,2024-09-09,CUST332,PROD028,2,2000,4000,COD,Shipped
ORD0210,2024-06-07,CUST434,PROD004,2,55000,110000,UPI,Delivered
ORD0211,2024-12-24,CUST453,PROD028,3,2000,6000,UPI,Delivered
ORD0212,2024-11-25,CUST115,PROD017,1,1500,1500,COD,Delivered
ORD0213,2024-09-01,CUST317,PROD018,3,20000,60000,COD,Processing
ORD0214,2024-04-19,CUST146,PROD011,3,700,2100,UPI,Cancelled
ORD0215,2024-06-25,CUST402,PROD018,4,20000,80000,UPI,Delivered
ORD0216,2024-12-28,CUST109,PROD020,2,2000,4000,UPI,Delivered
ORD0217,2024-01-27,CUST275,PROD030,2,2400,4800,COD,Delivered
ORD0218,2024-04-29,CUST275,PROD026,2,20000,40000,COD,Processing
ORD0219,2024-12-09,CUST133,PROD012,1,30000,30000,COD,Returned
ORD0220,2024-11-22,CUST039,PROD020,2,2000,4000,Card,Delivered
ORD0221,2024-08-04,CUST023,PROD029,1,20000,20000,UPI,Delivered
ORD0222,2024-04-26,CUST148,PROD028,2,2000,4000,Card,Cancelled
ORD0223,2024-02-15,CUST430,PROD030,2,2400,4800,COD,Delivered
ORD0224,2024-01-30,CUST006,PROD021,5,1500,7500,Card,Processing
ORD0225,2024-04-15,CUST334,PROD024,2,2400,4800,UPI,Delivered
ORD0226,2024-11-03,CUST459,PROD028,2,2000,4000,COD,Cancelled
ORD0227,2024-01-25,CUST470,PROD017,2,1500,3000,UPI,Delivered
ORD0228,2024-08-21,CUST484,PROD016,3,1500,4500,COD,Delivered
ORD0229,2024-08-17,CUST253,PROD026,1,20000,20000,Card,Delivered
ORD0230,2024-07-27,CUST256,PROD024,3,2400,7200,COD,Delivered
ORD0231,2024-12-22,CUST277,PROD019,3,2400,7200,UPI,Shipped
ORD0232,2024-01-21,CUST423,PROD027,3,30000,90000,UPI,Cancelled
ORD0233,2024-04-17,CUST193,PROD017,5,1500,7500,Card,Cancelled
ORD0234,2024-02-28,CUST194,PROD009,2,25000,50000,COD,Cancelled
ORD0235,2024-01-27,CUST011,PROD011,1,700,700,UPI,Delivered
ORD0236,2024-12-03,CUST496,PROD008,3,20000,60000,Card,Delivered
ORD0237,2024-06-20,CUST294,PROD011,2,700,1400,COD,Delivered
ORD0238,2024-01-24,CUST363,PROD017,2,1500,3000,COD,Delivered
ORD0239,2024-01-13,CUST353,PROD026,3,20000,60000,Card,Delivered
ORD0240,2024-02-29,CUST111,PROD015,5,55000,275000,UPI,Delivered
ORD0241,2024-08-11,CUST139,PROD022,4,55000,220000,Card,Delivered
ORD0242,2024-02-16,CUST253,PROD028,5,2000,10000,UPI,Returned
ORD0243,2024-01-02,CUST215,PROD003,1,25000,25000,Card,Returned
ORD0244,2024-08-14,CUST279,PROD014,5,2000,10000,UPI,Cancelled
ORD0245,2024-11-25,CUST291,PROD025,1,55000,55000,Card,Delivered
ORD0246,2024-01-03,CUST070,PROD028,5,2000,10000,Card,Delivered
ORD0247,2024-10-26,CUST022,PROD004,5,55000,275000,COD,Delivered
ORD0248,2024-03-10,CUST161,PROD011,1,700,700,COD,Cancelled
ORD0249,2024-10-24,CUST481,PROD007,3,400,1200,Card,Returned
ORD0250,2024-05-30,CUST477,PROD013,2,700,1400,COD,Shipped
ORD0251,2024-03-22,CUST103,PROD002,3,20000,60000,UPI,Delivered
ORD0252,2024-08-08,CUST340,PROD028,5,2000,10000,COD,Delivered
ORD0253,2024-02-16,CUST146,PROD026,5,20000,100000,UPI,Cancelled
ORD0254,2024-03-28,CUST399,PROD013,3,700,2100,COD,Delivered
ORD0255,2024-12-10,CUST072,PROD001,1,55000,55000,UPI,Delivered
ORD0256,2024-02-01,CUST162,PROD026,4,20000,80000,Card,Cancelled
ORD0257,2024-12-29,CUST420,PROD012,2,30000,60000,Card,Delivered
ORD0258,2024-05-18,CUST291,PROD006,5,2000,10000,UPI,Delivered
ORD0259,2024-02-27,CUST087,PROD025,2,55000,110000,Card,Delivered
ORD0260,2024-08-22,CUST112,PROD006,3,2000,6000,Card,Delivered
ORD0261,2024-02-07,CUST298,PROD018,5,20000,100000,Card,Delivered
ORD0262,2024-05-20,CUST409,PROD023,4,20000,80000,UPI,Cancelled
ORD0263,2024-07-18,CUST489,PROD013,5,700,3500,COD,Shipped
ORD0264,2024-07-12,CUST096,PROD022,1,55000,55000,COD,Delivered
ORD0265,2024-01-29,CUST062,PROD001,3,55000,165000,Card,Cancelled
ORD0266,2024-12-11,CUST204,PROD027,2,30000,60000,COD,Processing
ORD0267,2024-06-08,CUST368,PROD022,2,55000,110000,Card,Returned
ORD0268,2024-02-08,CUST237,PROD019,5,2400,12000,Card,Delivered
ORD0269,2024-12-11,CUST304,PROD002,4,20000,80000,COD,Delivered
ORD0270,2024-11-25,CUST477,PROD007,5,400,2000,COD,Cancelled
ORD0271,2024-08-03,CUST142,PROD027,2,30000,60000,COD,Delivered
ORD0272,2024-05-01,CUST332,PROD004,2,55000,110000,UPI,Processing
ORD0273,2024-07-21,CUST492,PROD024,4,2400,9600,UPI,Delivered
ORD0274,2024-05-03,CUST246,PROD014,3,2000,6000,UPI,Returned
ORD0275,2024-11-04,CUST167,PROD001,4,55000,220000,Card,Delivered
ORD0276,2024-09-20,CUST446,PROD030,2,2400,4800,UPI,Returned
ORD0277,2024-04-18,CUST004,PROD024,2,2400,4800,COD,Cancelled
ORD0278,2024-02-13,CUST170,PROD018,5,20000,100000,UPI,Delivered
ORD0279,2024-06-13,CUST139,PROD002,3,20000,60000,COD,Delivered
ORD0280,2024-06-30,CUST154,PROD017,2,1500,3000,COD,Delivered
ORD0281,2024-12-22,CUST232,PROD021,4,1500,6000,Card,Delivered
ORD0282,2024-07-05,CUST084,PROD006,1,2000,2000,Card,Delivered
ORD0283,2024-12-27,CUST465,PROD021,3,1500,4500,Card,Delivered
ORD0284,2024-06-24,CUST057,PROD025,4,55000,220000,UPI,Delivered
ORD0285,2024-06-05,CUST134,PROD014,3,2000,6000,COD,Processing
ORD0286,2024-06-22,CUST409,PROD001,4,55000,220000,COD,Delivered
ORD0287,2024-01-11,CUST387,PROD012,4,30000,120000,COD,Delivered
ORD0288,2024-07-02,CUST388,PROD015,2,55000,110000,Card,Delivered
ORD0289,2024-09-07,CUST308,PROD013,2,700,1400,UPI,Delivered
ORD0290,2024-04-05,CUST269,PROD007,3,400,1200,Card,Delivered
ORD0291,2024-02-26,CUST409,PROD018,3,20000,60000,UPI,Delivered
ORD0292,2024-05-12,CUST309,PROD006,3,2000,6000,UPI,Delivered
ORD0293,2024-10-28,CUST198,PROD025,4,55000,220000,UPI,Shipped
ORD0294,2024-10-05,CUST161,PROD003,2,25000,50000,COD,Shipped
ORD0295,2024-08-27,CUST320,PROD030,4,2400,9600,COD,Delivered
ORD0296,2024-04-22,CUST452,PROD002,1,20000,20000,Card,Delivered
ORD0297,2024-11-08,CUST026,PROD008,4,20000,80000,UPI,Delivered
ORD0298,2024-10-25,CUST019,PROD013,5,700,3500,UPI,Delivered
ORD0299,2024-06-28,CUST140,PROD027,5,30000,150000,COD,Cancelled
ORD0300,2024-07-14,CUST246,PROD023,3,20000,60000,COD,Processing
ORD0301,2024-10-10,CUST026,PROD006,2,2000,4000,Card,Processing
ORD0302,2024-08-30,CUST209,PROD003,2,25000,50000,Card,Delivered
ORD0303,2024-12-17,CUST027,PROD024,5,2400,12000,COD,Delivered
ORD0304,2024-03-30,CUST137,PROD003,2,25000,50000,Card,Delivered
ORD0305,2024-12-26,CUST303,PROD011,2,700,1400,UPI,Delivered
ORD0306,2024-05-12,CUST143,PROD022,3,55000,165000,UPI,Delivered
ORD0307,2024-09-02,CUST461,PROD004,5,55000,275000,Card,Delivered
ORD0308,2024-11-13,CUST391,PROD019,4,2400,9600,COD,Shipped
ORD0309,2024-02-23,CUST319,PROD003,2,25000,50000,COD,Delivered
ORD0310,2024-02-13,CUST185,PROD023,1,20000,20000,COD,Delivered
ORD0311,2024-08-24,CUST388,PROD002,2,20000,40000,Card,Returned
ORD0312,2024-05-01,CUST186,PROD018,3,20000,60000,COD,Cancelled
ORD0313,2024-02-18,CUST211,PROD029,2,20000,40000,Card,Cancelled
ORD0314,2024-06-20,CUST420,PROD002,3,20000,60000,Card,Cancelled
ORD0315,2024-10-07,CUST141,PROD015,5,55000,275000,UPI,Delivered
ORD0316,2024-02-09,CUST188,PROD015,5,55000,275000,UPI,Delivered
ORD0317,2024-12-10,CUST481,PROD003,5,25000,125000,COD,Delivered
ORD0318,2024-03-14,CUST499,PROD018,4,20000,80000,COD,Delivered
ORD0319,2024-05-04,CUST287,PROD022,3,55000,165000,Card,Delivered
ORD0320,2024-03-25,CUST205,PROD004,3,55000,165000,COD,Delivered
ORD0321,2024-02-26,CUST248,PROD021,1,1500,1500,UPI,Processing
ORD0322,2024-02-26,CUST439,PROD011,4,700,2800,UPI,Cancelled
ORD0323,2024-02-19,CUST469,PROD008,3,20000,60000,COD,Delivered
ORD0324,2024-01-10,CUST410,PROD029,3,20000,60000,COD,Delivered
ORD0325,2024-11-09,CUST417,PROD028,4,2000,8000,Card,Delivered
ORD0326,2024-10-03,CUST003,PROD012,1,30000,30000,UPI,Processing
ORD0327,2024-10-29,CUST455,PROD015,5,55000,275000,Card,Delivered
ORD0328,2024-12-18,CUST480,PROD018,5,20000,100000,COD,Delivered
ORD0329,2024-09-03,CUST415,PROD019,1,2400,2400,UPI,Shipped
ORD0330,2024-04-07,CUST239,PROD030,3,2400,7200,UPI,Cancelled
ORD0331,2024-11-05,CUST210,PROD009,2,25000,50000,COD,Delivered
ORD0332,2024-07-01,CUST226,PROD029,5,20000,100000,UPI,Returned
ORD0333,2024-07-03,CUST311,PROD008,2,20000,40000,COD,Delivered
ORD0334,2024-03-05,CUST286,PROD008,1,20000,20000,COD,Delivered
ORD0335,2024-04-24,CUST371,PROD005,1,1500,1500,Card,Delivered
ORD0336,2024-04-30,CUST345,PROD004,5,55000,275000,COD,Returned
ORD0337,2024-11-21,CUST291,PROD010,2,2400,4800,UPI,Delivered
ORD0338,2024-02-16,CUST389,PROD002,5,20000,100000,Card,Delivered
ORD0339,2024-10-03,CUST227,PROD004,4,55000,220000,Card,Cancelled
ORD0340,2024-04-20,CUST339,PROD009,5,25000,125000,COD,Delivered
ORD0341,2024-01-17,CUST306,PROD005,5,1500,7500,COD,Processing
ORD0342,2024-08-21,CUST300,PROD022,5,55000,275000,UPI,Delivered
ORD0343,2024-01-20,CUST089,PROD022,3,55000,165000,Card,Delivered
ORD0344,2024-09-28,CUST365,PROD017,5,1500,7500,COD,Delivered
ORD0345,2024-08-11,CUST134,PROD027,2,30000,60000,UPI,Delivered
ORD0346,2024-02-03,CUST470,PROD023,3,20000,60000,UPI,Returned
ORD0347,2024-03-04,CUST136,PROD025,2,55000,110000,Card,Delivered
ORD0348,2024-06-05,CUST480,PROD024,4,2400,9600,UPI,Delivered
ORD0349,2024-03-04,CUST390,PROD015,5,55000,275000,Card,Delivered
ORD0350,2024-09-04,CUST492,PROD008,1,20000,20000,UPI,Delivered
ORD0351,2024-02-18,CUST320,PROD018,1,20000,20000,UPI,Cancelled
ORD0352,2024-03-27,CUST243,PROD030,2,2400,4800,Card,Delivered
ORD0353,2024-07-28,CUST354,PROD009,4,25000,100000,Card,Processing
ORD0354,2024-08-26,CUST460,PROD021,4,1500,6000,COD,Delivered
ORD0355,2024-03-07,CUST159,PROD026,2,20000,40000,UPI,Delivered
ORD0356,2024-01-10,CUST179,PROD020,3,2000,6000,Card,Delivered
ORD0357,2024-10-31,CUST005,PROD002,4,20000,80000,COD,Delivered
ORD0358,2024-07-10,CUST052,PROD008,3,20000,60000,UPI,Delivered
ORD0359,2024-02-29,CUST126,PROD019,1,2400,2400,UPI,Delivered
ORD0360,2024-07-13,CUST133,PROD014,2,2000,4000,COD,Shipped
ORD0361,2024-07-28,CUST108,PROD013,3,700,2100,Card,Delivered
ORD0362,2024-06-13,CUST125,PROD009,3,25000,75000,COD,Delivered
ORD0363,2024-08-19,CUST459,PROD004,4,55000,220000,UPI,Cancelled
ORD0364,2024-02-07,CUST025,PROD013,2,700,1400,COD,Delivered
ORD0365,2024-01-26,CUST286,PROD003,3,25000,75000,UPI,Delivered
ORD0366,2024-11-03,CUST419,PROD027,4,30000,120000,UPI,Delivered
ORD0367,2024-07-18,CUST076,PROD002,5,20000,100000,Card,Delivered
ORD0368,2024-12-30,CUST291,PROD025,4,55000,220000,UPI,Delivered
ORD0369,2024-07-21,CUST097,PROD025,1,55000,55000,Card,Shipped
ORD0370,2024-01-01,CUST500,PROD009,3,25000,75000,COD,Delivered
ORD0371,2024-04-26,CUST486,PROD009,1,25000,25000,UPI,Delivered
ORD0372,2024-06-09,CUST248,PROD030,2,2400,4800,UPI,Delivered
ORD0373,2024-06-06,CUST208,PROD009,1,25000,25000,COD,Shipped
ORD0374,2024-11-06,CUST002,PROD030,1,2400,2400,Card,Delivered
ORD0375,2024-07-18,CUST170,PROD001,1,55000,55000,COD,Cancelled
ORD0376,2024-10-21,CUST354,PROD029,1,20000,20000,Card,Shipped
ORD0377,2024-03-03,CUST227,PROD017,3,1500,4500,COD,Delivered
ORD0378,2024-03-25,CUST122,PROD018,5,20000,100000,UPI,Delivered
ORD0379,2024-11-08,CUST403,PROD018,3,20000,60000,Card,Processing
ORD0380,2024-12-10,CUST050,PROD029,1,20000,20000,UPI,Delivered
ORD0381,2024-03-16,CUST109,PROD005,5,1500,7500,UPI,Processing
ORD0382,2024-03-05,CUST146,PROD021,2,1500,3000,UPI,Delivered
ORD0383,2024-11-30,CUST489,PROD022,1,55000,55000,UPI,Delivered
ORD0384,2024-05-30,CUST060,PROD017,5,1500,7500,COD,Delivered
ORD0385,2024-02-06,CUST017,PROD016,4,1500,6000,Card,Processing
ORD0386,2024-08-29,CUST319,PROD024,3,2400,7200,UPI,Delivered
ORD0387,2024-01-21,CUST446,PROD029,5,20000,100000,UPI,Delivered
ORD0388,2024-11-17,CUST156,PROD024,4,2400,9600,COD,Returned
ORD0389,2024-07-04,CUST082,PROD028,1,2000,2000,COD,Delivered
ORD0390,2024-01-24,CUST113,PROD013,3,700,2100,Card,Delivered
ORD0391,2024-09-29,CUST355,PROD007,5,400,2000,COD,Delivered
ORD0392,2024-01-06,CUST326,PROD015,3,55000,165000,UPI,Shipped
ORD0393,2024-10-16,CUST019,PROD027,4,30000,120000,COD,Delivered
ORD0394,2024-02-05,CUST374,PROD012,2,30000,60000,UPI,Delivered
ORD0395,2024-09-01,CUST276,PROD025,5,55000,275000,Card,Returned
ORD0396,2024-10-13,CUST359,PROD008,4,20000,80000,COD,Processing
ORD0397,2024-08-02,CUST411,PROD012,1,30000,30000,COD,Delivered
ORD0398,2024-01-23,CUST122,PROD011,1,700,700,COD,Delivered
ORD0399,2024-10-06,CUST187,PROD028,5,2000,10000,Card,Cancelled
ORD0400,2024-04-04,CUST030,PROD029,5,20000,100000,COD,Delivered
ORD0401,2024-12-21,CUST040,PROD015,2,55000,110000,Card,Delivered
ORD0402,2024-06-02,CUST402,PROD015,3,55000,165000,Card,Delivered
ORD0403,2024-04-01,CUST480,PROD013,4,700,2800,Card,Cancelled
ORD0404,2024-09-09,CUST228,PROD013,2,700,1400,UPI,Delivered
ORD0405,2024-10-03,CUST377,PROD015,4,55000,220000,Card,Delivered
ORD0406,2024-08-26,CUST209,PROD005,4,1500,6000,Card,Returned
ORD0407,2024-10-06,CUST333,PROD015,4,55000,220000,Card,Delivered
ORD0408,2024-05-07,CUST445,PROD009,4,25000,100000,Card,Delivered
ORD0409,2024-09-14,CUST299,PROD022,3,55000,165000,UPI,Delivered
ORD0410,2024-09-28,CUST111,PROD011,3,700,2100,Card,Delivered
ORD0411,2024-01-20,CUST096,PROD013,5,700,3500,UPI,Delivered
ORD0412,2024-01-10,CUST272,PROD022,1,55000,55000,COD,Delivered
ORD0413,2024-01-24,CUST157,PROD009,3,25000,75000,Card,Delivered
ORD0414,2024-01-19,CUST224,PROD013,4,700,2800,COD,Processing
ORD0415,2024-03-09,CUST204,PROD003,5,25000,125000,Card,Delivered
ORD0416,2024-02-13,CUST220,PROD003,5,25000,125000,COD,Delivered
ORD0417,2024-04-21,CUST309,PROD005,4,1500,6000,UPI,Delivered
ORD0418,2024-10-24,CUST085,PROD027,4,30000,120000,COD,Delivered
ORD0419,2024-08-23,CUST220,PROD012,2,30000,60000,UPI,Shipped
ORD0420,2024-04-18,CUST104,PROD006,5,2000,10000,Card,Delivered
ORD0421,2024-06-11,CUST143,PROD005,3,1500,4500,Card,Delivered
ORD0422,2024-05-22,CUST496,PROD010,1,2400,2400,Card,Delivered
ORD0423,2024-03-09,CUST109,PROD006,1,2000,2000,COD,Cancelled
ORD0424,2024-03-12,CUST246,PROD026,3,20000,60000,UPI,Delivered
ORD0425,2024-04-17,CUST083,PROD012,3,30000,90000,Card,Delivered
ORD0426,2024-04-04,CUST426,PROD010,3,2400,7200,UPI,Delivered
ORD0427,2024-06-14,CUST154,PROD030,3,2400,7200,UPI,Delivered
ORD0428,2024-03-07,CUST144,PROD029,5,20000,100000,COD,Processing
ORD0429,2024-03-04,CUST342,PROD014,3,2000,6000,UPI,Returned
ORD0430,2024-11-30,CUST018,PROD020,2,2000,4000,COD,Delivered
ORD0431,2024-01-27,CUST137,PROD010,4,2400,9600,UPI,Shipped
ORD0432,2024-05-22,CUST323,PROD017,1,1500,1500,Card,Delivered
ORD0433,2024-05-18,CUST413,PROD012,4,30000,120000,COD,Delivered
ORD0434,2024-02-06,CUST453,PROD003,1,25000,25000,COD,Delivered
ORD0435,2024-05-18,CUST096,PROD010,3,2400,7200,Card,Delivered
ORD0436,2024-03-09,CUST380,PROD017,1,1500,1500,COD,Delivered
ORD0437,2024-01-04,CUST434,PROD022,3,55000,165000,UPI,Delivered
ORD0438,2024-08-28,CUST207,PROD022,2,55000,110000,UPI,Delivered
ORD0439,2024-01-05,CUST040,PROD006,3,2000,6000,UPI,Shipped
ORD0440,2024-03-03,CUST284,PROD030,3,2400,7200,COD,Returned
ORD0441,2024-07-30,CUST120,PROD022,1,55000,55000,COD,Processing
ORD0442,2024-07-06,CUST076,PROD014,2,2000,4000,UPI,Delivered
ORD0443,2024-04-08,CUST465,PROD008,5,20000,100000,Card,Delivered
ORD0444,2024-10-31,CUST064,PROD006,3,2000,6000,COD,Delivered
ORD0445,2024-03-15,CUST060,PROD005,5,1500,7500,UPI,Processing
ORD0446,2024-02-04,CUST271,PROD009,2,25000,50000,UPI,Delivered
ORD0447,2024-07-03,CUST444,PROD014,3,2000,6000,COD,Delivered
ORD0448,2024-05-08,CUST235,PROD001,4,55000,220000,UPI,Delivered
ORD0449,2024-04-03,CUST385,PROD002,4,20000,80000,COD,Delivered
ORD0450,2024-11-22,CUST278,PROD012,2,30000,60000,UPI,Delivered
ORD0451,2024-03-18,CUST202,PROD027,3,30000,90000,UPI,Processing
ORD0452,2024-10-30,CUST487,PROD013,1,700,700,Card,Delivered
ORD0453,2024-01-16,CUST222,PROD008,4,20000,80000,UPI,Cancelled
ORD0454,2024-01-19,CUST100,PROD028,5,2000,10000,COD,Delivered
ORD0455,2024-12-20,CUST187,PROD008,1,20000,20000,UPI,Processing
ORD0456,2024-11-02,CUST077,PROD029,1,20000,20000,UPI,Returned
ORD0457,2024-09-02,CUST126,PROD014,2,2000,4000,UPI,Processing
ORD0458,2024-06-16,CUST383,PROD008,3,20000,60000,COD,Shipped
ORD0459,2024-11-17,CUST106,PROD030,3,2400,7200,COD,Shipped
ORD0460,2024-04-19,CUST026,PROD002,2,20000,40000,COD,Delivered
ORD0461,2024-02-13,CUST042,PROD022,3,55000,165000,UPI,Delivered
ORD0462,2024-09-14,CUST015,PROD010,3,2400,7200,Card,Shipped
ORD0463,2024-07-06,CUST419,PROD013,3,700,2100,UPI,Cancelled
ORD0464,2024-05-13,CUST486,PROD016,2,1500,3000,Card,Delivered
ORD0465,2024-09-01,CUST241,PROD012,5,30000,150000,COD,Processing
ORD0466,2024-12-17,CUST013,PROD004,4,55000,220000,UPI,Delivered
ORD0467,2024-02-08,CUST327,PROD015,1,55000,55000,COD,Delivered
ORD0468,2024-01-06,CUST317,PROD014,5,2000,10000,UPI,Shipped
ORD0469,2024-12-13,CUST470,PROD008,4,20000,80000,Card,Shipped
ORD0470,2024-11-26,CUST105,PROD021,5,1500,7500,COD,Delivered
ORD0471,2024-09-12,CUST480,PROD016,2,1500,3000,Card,Delivered
ORD0472,2024-12-28,CUST384,PROD014,2,2000,4000,COD,Processing
ORD0473,2024-04-08,CUST499,PROD016,2,1500,3000,Card,Delivered
ORD0474,2024-01-18,CUST495,PROD016,2,1500,3000,Card,Shipped
ORD0475,2024-10-16,CUST145,PROD007,2,400,800,UPI,Delivered
ORD0476,2024-11-02,CUST018,PROD003,3,25000,75000,UPI,Delivered
ORD0477,2024-08-19,CUST094,PROD009,5,25000,125000,COD,Delivered
ORD0478,2024-06-05,CUST396,PROD018,2,20000,40000,COD,Delivered
ORD0479,2024-08-02,CUST393,PROD029,2,20000,40000,COD,Delivered
ORD0480,2024-02-24,CUST382,PROD012,1,30000,30000,Card,Delivered
ORD0481,2024-04-11,CUST408,PROD029,1,20000,20000,Card,Shipped
ORD0482,2024-06-18,CUST040,PROD018,4,20000,80000,Card,Delivered
ORD0483,2024-02-29,CUST312,PROD021,5,1500,7500,COD,Delivered
ORD0484,2024-01-18,CUST020,PROD021,4,1500,6000,COD,Delivered
ORD0485,2024-10-27,CUST312,PROD011,4,700,2800,Card,Processing
ORD0486,2024-06-22,CUST042,PROD019,3,2400,7200,Card,Delivered
ORD0487,2024-06-29,CUST345,PROD002,1,20000,20000,COD,Delivered
ORD0488,2024-09-18,CUST366,PROD002,3,20000,60000,COD,Delivered
ORD0489,2024-04-30,CUST404,PROD018,3,20000,60000,COD,Cancelled
ORD0490,2024-08-23,CUST468,PROD019,5,2400,12000,UPI,Delivered
ORD0491,2024-02-09,CUST126,PROD024,4,2400,9600,UPI,Delivered
ORD0492,2024-11-26,CUST373,PROD024,1,2400,2400,Card,Delivered
ORD0493,2024-09-09,CUST150,PROD006,3,2000,6000,UPI,Delivered
ORD0494,2024-08-03,CUST457,PROD017,2,1500,3000,Card,Cancelled
ORD0495,2024-04-14,CUST308,PROD017,3,1500,4500,Card,Delivered
ORD0496,2024-06-23,CUST315,PROD023,3,20000,60000,Card,Delivered
ORD0497,2024-05-01,CUST135,PROD024,4,2400,9600,COD,Delivered
ORD0498,2024-12-02,CUST446,PROD030,5,2400,12000,UPI,Processing
ORD0499,2024-03-28,CUST463,PROD005,5,1500,7500,UPI,Delivered
ORD0500,2024-12-28,CUST273,PROD011,5,700,3500,COD,Returned
ORD0501,2024-01-06,CUST145,PROD024,2,2400,4800,COD,Delivered
ORD0502,2024-11-28,CUST121,PROD023,4,20000,80000,COD,Returned
ORD0503,2024-12-19,CUST279,PROD010,2,2400,4800,COD,Delivered
ORD0504,2024-01-23,CUST012,PROD014,2,2000,4000,COD,Delivered
ORD0505,2024-01-26,CUST198,PROD008,5,20000,100000,UPI,Shipped
ORD0506,2024-07-16,CUST402,PROD021,1,1500,1500,COD,Delivered
ORD0507,2024-07-16,CUST011,PROD013,5,700,3500,Card,Returned
ORD0508,2024-05-07,CUST091,PROD027,5,30000,150000,Card,Delivered
ORD0509,2024-01-15,CUST350,PROD020,4,2000,8000,Card,Shipped
ORD0510,2024-10-30,CUST056,PROD028,4,2000,8000,Card,Shipped
ORD0511,2024-12-02,CUST103,PROD021,3,1500,4500,Card,Processing
ORD0512,2024-03-13,CUST086,PROD025,4,55000,220000,Card,Cancelled
ORD0513,2024-08-22,CUST438,PROD013,1,700,700,UPI,Delivered
ORD0514,2024-05-06,CUST227,PROD007,5,400,2000,COD,Cancelled
ORD0515,2024-06-02,CUST113,PROD022,1,55000,55000,COD,Processing
ORD0516,2024-09-02,CUST009,PROD005,1,1500,1500,UPI,Delivered
ORD0517,2024-04-19,CUST155,PROD012,4,30000,120000,Card,Delivered
ORD0518,2024-07-12,CUST285,PROD010,2,2400,4800,COD,Delivered
ORD0519,2024-06-09,CUST277,PROD020,5,2000,10000,Card,Delivered
ORD0520,2024-09-08,CUST406,PROD028,1,2000,2000,COD,Delivered
ORD0521,2024-09-17,CUST240,PROD004,2,55000,110000,COD,Returned
ORD0522,2024-01-16,CUST027,PROD018,1,20000,20000,Card,Processing
ORD0523,2024-08-13,CUST187,PROD010,1,2400,2400,Card,Returned
ORD0524,2024-04-21,CUST449,PROD022,2,55000,110000,UPI,Delivered
ORD0525,2024-03-09,CUST025,PROD012,3,30000,90000,UPI,Delivered
ORD0526,2024-09-17,CUST451,PROD008,2,20000,40000,COD,Processing
ORD0527,2024-03-29,CUST205,PROD013,4,700,2800,Card,Shipped
ORD0528,2024-10-18,CUST320,PROD014,1,2000,2000,COD,Delivered
ORD0529,2024-03-19,CUST066,PROD026,5,20000,100000,Card,Delivered
ORD0530,2024-07-19,CUST388,PROD013,3,700,2100,COD,Delivered
ORD0531,2024-09-22,CUST001,PROD030,5,2400,12000,UPI,Delivered
ORD0532,2024-02-24,CUST208,PROD027,3,30000,90000,UPI,Delivered
ORD0533,2024-03-08,CUST154,PROD008,2,20000,40000,COD,Delivered
ORD0534,2024-01-05,CUST171,PROD019,4,2400,9600,COD,Processing
ORD0535,2024-02-24,CUST006,PROD030,2,2400,4800,Card,Shipped
ORD0536,2024-05-27,CUST126,PROD016,5,1500,7500,COD,Delivered
ORD0537,2024-04-20,CUST102,PROD018,4,20000,80000,Card,Shipped
ORD0538,2024-12-15,CUST071,PROD020,1,2000,2000,Card,Returned
ORD0539,2024-07-26,CUST392,PROD030,3,2400,7200,Card,Delivered
ORD0540,2024-05-19,CUST027,PROD012,4,30000,120000,COD,Cancelled
ORD0541,2024-02-06,CUST282,PROD010,5,2400,12000,UPI,Delivered
ORD0542,2024-01-12,CUST363,PROD025,2,55000,110000,COD,Delivered
ORD0543,2024-07-21,CUST384,PROD027,3,30000,90000,UPI,Processing
ORD0544,2024-09-26,CUST039,PROD011,3,700,2100,COD,Delivered
ORD0545,2024-07-04,CUST203,PROD025,2,55000,110000,COD,Delivered
ORD0546,2024-08-28,CUST068,PROD007,1,400,400,Card,Cancelled
ORD0547,2024-09-23,CUST102,PROD008,4,20000,80000,Card,Cancelled
ORD0548,2024-06-06,CUST252,PROD026,1,20000,20000,UPI,Shipped
ORD0549,2024-10-02,CUST450,PROD030,2,2400,4800,Card,Delivered
ORD0550,2024-02-16,CUST456,PROD012,5,30000,150000,Card,Delivered
ORD0551,2024-04-17,CUST500,PROD005,5,1500,7500,COD,Delivered
ORD0552,2024-08-22,CUST310,PROD029,2,20000,40000,COD,Processing
ORD0553,2024-03-14,CUST070,PROD003,5,25000,125000,Card,Delivered
ORD0554,2024-06-03,CUST263,PROD010,5,2400,12000,COD,Returned
ORD0555,2024-11-24,CUST353,PROD024,2,2400,4800,COD,Shipped
ORD0556,2024-06-19,CUST233,PROD004,3,55000,165000,UPI,Delivered
ORD0557,2024-09-24,CUST038,PROD010,2,2400,4800,COD,Delivered
ORD0558,2024-08-29,CUST463,PROD024,2,2400,4800,UPI,Cancelled
ORD0559,2024-05-15,CUST053,PROD028,5,2000,10000,Card,Delivered
ORD0560,2024-10-18,CUST177,PROD020,5,2000,10000,COD,Delivered
ORD0561,2024-02-22,CUST253,PROD024,3,2400,7200,COD,Delivered
ORD0562,2024-08-12,CUST130,PROD013,4,700,2800,UPI,Shipped
ORD0563,2024-05-14,CUST363,PROD022,5,55000,275000,Card,Shipped
ORD0564,2024-11-12,CUST153,PROD003,1,25000,25000,UPI,Processing
ORD0565,2024-09-27,CUST154,PROD005,3,1500,4500,UPI,Returned
ORD0566,2024-10-03,CUST136,PROD020,1,2000,2000,COD,Processing
ORD0567,2024-09-14,CUST134,PROD028,2,2000,4000,Card,Delivered
ORD0568,2024-11-04,CUST406,PROD029,2,20000,40000,Card,Delivered
ORD0569,2024-08-07,CUST416,PROD005,4,1500,6000,Card,Cancelled
ORD0570,2024-08-07,CUST106,PROD013,4,700,2800,Card,Returned
ORD0571,2024-04-02,CUST291,PROD019,1,2400,2400,COD,Delivered
ORD0572,2024-04-13,CUST134,PROD009,4,25000,100000,Card,Delivered
ORD0573,2024-09-19,CUST336,PROD030,2,2400,4800,UPI,Delivered
ORD0574,2024-12-20,CUST112,PROD001,2,55000,110000,UPI,Delivered
ORD0575,2024-04-29,CUST402,PROD018,2,20000,40000,COD,Delivered
ORD0576,2024-05-16,CUST065,PROD030,4,2400,9600,Card,Cancelled
ORD0577,2024-11-27,CUST046,PROD029,2,20000,40000,Card,Returned
ORD0578,2024-09-23,CUST486,PROD004,3,55000,165000,Card,Delivered
ORD0579,2024-04-18,CUST475,PROD025,1,55000,55000,Card,Returned
ORD0580,2024-01-02,CUST057,PROD022,5,55000,275000,COD,Delivered
ORD0581,2024-10-02,CUST147,PROD017,4,1500,6000,UPI,Cancelled
ORD0582,2024-04-23,CUST048,PROD003,5,25000,125000,COD,Delivered
ORD0583,2024-06-13,CUST393,PROD026,4,20000,80000,UPI,Shipped
ORD0584,2024-09-23,CUST299,PROD005,5,1500,7500,UPI,Delivered
ORD0585,2024-12-30,CUST245,PROD008,5,20000,100000,COD,Returned
ORD0586,2024-06-02,CUST105,PROD023,2,20000,40000,COD,Delivered
ORD0587,2024-09-01,CUST264,PROD002,2,20000,40000,COD,Returned
ORD0588,2024-04-20,CUST470,PROD014,5,2000,10000,UPI,Delivered
ORD0589,2024-04-14,CUST153,PROD016,2,1500,3000,COD,Delivered
ORD0590,2024-01-02,CUST343,PROD008,5,20000,100000,COD,Returned
ORD0591,2024-12-22,CUST421,PROD002,1,20000,20000,COD,Cancelled
ORD0592,2024-12-13,CUST006,PROD010,4,2400,9600,UPI,Delivered
ORD0593,2024-09-30,CUST017,PROD013,2,700,1400,Card,Shipped
ORD0594,2024-03-29,CUST493,PROD005,3,1500,4500,Card,Processing
ORD0595,2024-08-28,CUST361,PROD006,1,2000,2000,Card,Processing
ORD0596,2024-12-26,CUST246,PROD013,2,700,1400,UPI,Returned
ORD0597,2024-10-23,CUST167,PROD023,1,20000,20000,Card,Delivered
ORD0598,2024-05-05,CUST395,PROD012,2,30000,60000,COD,Delivered
ORD0599,2024-11-09,CUST430,PROD006,2,2000,4000,UPI,Delivered
ORD0600,2024-01-10,CUST264,PROD024,1,2400,2400,COD,Cancelled
ORD0601,2024-09-22,CUST216,PROD020,4,2000,8000,UPI,Delivered
ORD0602,2024-08-04,CUST102,PROD012,1,30000,30000,Card,Returned
ORD0603,2024-11-25,CUST116,PROD001,1,55000,55000,UPI,Delivered
ORD0604,2024-06-08,CUST470,PROD011,2,700,1400,Card,Delivered
ORD0605,2024-12-07,CUST172,PROD013,4,700,2800,Card,Delivered
ORD0606,2024-04-29,CUST202,PROD014,3,2000,6000,COD,Returned
ORD0607,2024-06-29,CUST453,PROD002,5,20000,100000,COD,Delivered
ORD0608,2024-04-21,CUST011,PROD026,1,20000,20000,COD,Delivered
ORD0609,2024-10-30,CUST394,PROD025,2,55000,110000,COD,Delivered
ORD0610,2024-11-25,CUST032,PROD018,5,20000,100000,UPI,Returned
ORD0611,2024-04-23,CUST463,PROD021,2,1500,3000,COD,Delivered
ORD0612,2024-02-02,CUST232,PROD009,3,25000,75000,Card,Shipped
ORD0613,2024-09-18,CUST251,PROD001,3,55000,165000,Card,Delivered
ORD0614,2024-09-26,CUST155,PROD004,2,55000,110000,UPI,Delivered
ORD0615,2024-06-30,CUST460,PROD012,3,30000,90000,COD,Returned
ORD0616,2024-10-25,CUST240,PROD020,4,2000,8000,Card,Delivered
ORD0617,2024-11-19,CUST412,PROD012,5,30000,150000,Card,Delivered
ORD0618,2024-05-22,CUST438,PROD017,3,1500,4500,Card,Delivered
ORD0619,2024-05-05,CUST322,PROD022,3,55000,165000,UPI,Delivered
ORD0620,2024-07-20,CUST108,PROD029,5,20000,100000,Card,Delivered
ORD0621,2024-03-25,CUST116,PROD005,3,1500,4500,Card,Returned
ORD0622,2024-12-23,CUST455,PROD012,1,30000,30000,COD,Delivered
ORD0623,2024-05-23,CUST447,PROD016,2,1500,3000,UPI,Delivered
ORD0624,2024-04-18,CUST072,PROD025,2,55000,110000,UPI,Delivered
ORD0625,2024-06-05,CUST333,PROD018,1,20000,20000,COD,Delivered
ORD0626,2024-02-07,CUST180,PROD018,5,20000,100000,COD,Delivered
ORD0627,2024-12-05,CUST480,PROD008,5,20000,100000,COD,Delivered
ORD0628,2024-05-26,CUST260,PROD004,3,55000,165000,Card,Shipped
ORD0629,2024-10-18,CUST033,PROD012,3,30000,90000,Card,Delivered
ORD0630,2024-01-25,CUST129,PROD005,1,1500,1500,Card,Delivered
ORD0631,2024-04-23,CUST296,PROD020,3,2000,6000,COD,Delivered
ORD0632,2024-03-07,CUST123,PROD008,5,20000,100000,Card,Delivered
ORD0633,2024-01-02,CUST066,PROD019,2,2400,4800,UPI,Cancelled
ORD0634,2024-01-09,CUST118,PROD013,2,700,1400,Card,Delivered
ORD0635,2024-10-15,CUST234,PROD024,3,2400,7200,UPI,Returned
ORD0636,2024-02-28,CUST037,PROD013,5,700,3500,UPI,Delivered
ORD0637,2024-07-01,CUST326,PROD014,3,2000,6000,UPI,Processing
ORD0638,2024-07-10,CUST186,PROD028,2,2000,4000,Card,Delivered
ORD0639,2024-09-01,CUST268,PROD005,1,1500,1500,Card,Delivered
ORD0640,2024-11-08,CUST371,PROD030,2,2400,4800,Card,Delivered
ORD0641,2024-09-30,CUST273,PROD027,2,30000,60000,COD,Delivered
ORD0642,2024-08-06,CUST145,PROD010,4,2400,9600,UPI,Shipped
ORD0643,2024-02-11,CUST427,PROD028,1,2000,2000,Card,Delivered
ORD0644,2024-06-21,CUST484,PROD025,1,55000,55000,UPI,Delivered
ORD0645,2024-10-15,CUST053,PROD024,3,2400,7200,UPI,Returned
ORD0646,2024-09-24,CUST066,PROD014,1,2000,2000,COD,Processing
ORD0647,2024-04-18,CUST456,PROD021,2,1500,3000,COD,Delivered
ORD0648,2024-02-04,CUST373,PROD026,4,20000,80000,Card,Delivered
ORD0649,2024-09-22,CUST062,PROD022,1,55000,55000,Card,Delivered
ORD0650,2024-08-01,CUST339,PROD002,3,20000,60000,COD,Delivered
ORD0651,2024-09-08,CUST271,PROD001,4,55000,220000,Card,Returned
ORD0652,2024-03-19,CUST006,PROD029,3,20000,60000,COD,Delivered
ORD0653,2024-02-13,CUST280,PROD022,2,55000,110000,COD,Delivered
ORD0654,2024-07-20,CUST450,PROD018,1,20000,20000,Card,Delivered
ORD0655,2024-03-12,CUST387,PROD012,3,30000,90000,COD,Shipped
ORD0656,2024-12-20,CUST078,PROD026,3,20000,60000,Card,Shipped
ORD0657,2024-12-27,CUST160,PROD015,1,55000,55000,UPI,Processing
ORD0658,2024-01-02,CUST410,PROD009,2,25000,50000,UPI,Delivered
ORD0659,2024-10-27,CUST033,PROD019,2,2400,4800,UPI,Delivered
ORD0660,2024-10-19,CUST227,PROD025,3,55000,165000,UPI,Delivered
ORD0661,2024-06-30,CUST054,PROD015,2,55000,110000,COD,Delivered
ORD0662,2024-01-21,CUST306,PROD023,3,20000,60000,Card,Delivered
ORD0663,2024-02-23,CUST267,PROD004,3,55000,165000,UPI,Delivered
ORD0664,2024-07-28,CUST117,PROD017,2,1500,3000,COD,Cancelled
ORD0665,2024-01-27,CUST405,PROD006,5,2000,10000,UPI,Delivered
ORD0666,2024-03-22,CUST066,PROD022,2,55000,110000,Card,Delivered
ORD0667,2024-12-04,CUST049,PROD025,4,55000,220000,Card,Shipped
ORD0668,2024-02-22,CUST402,PROD013,4,700,2800,COD,Delivered
ORD0669,2024-01-11,CUST138,PROD012,1,30000,30000,COD,Delivered
ORD0670,2024-05-13,CUST090,PROD007,3,400,1200,COD,Delivered
ORD0671,2024-04-29,CUST317,PROD017,1,1500,1500,Card,Delivered
ORD0672,2024-06-15,CUST038,PROD003,4,25000,100000,COD,Shipped
ORD0673,2024-10-27,CUST442,PROD012,4,30000,120000,UPI,Delivered
ORD0674,2024-07-27,CUST370,PROD028,5,2000,10000,COD,Delivered
ORD0675,2024-03-21,CUST498,PROD021,2,1500,3000,Card,Cancelled
ORD0676,2024-07-26,CUST120,PROD018,5,20000,100000,UPI,Delivered
ORD0677,2024-06-24,CUST102,PROD013,1,700,700,UPI,Delivered
ORD0678,2024-04-22,CUST326,PROD010,5,2400,12000,COD,Delivered
ORD0679,2024-04-13,CUST500,PROD015,4,55000,220000,Card,Delivered
ORD0680,2024-07-09,CUST017,PROD024,4,2400,9600,Card,Returned
ORD0681,2024-02-01,CUST119,PROD007,4,400,1600,Card,Delivered
ORD0682,2024-05-28,CUST333,PROD017,2,1500,3000,UPI,Processing
ORD0683,2024-12-20,CUST418,PROD027,4,30000,120000,Card,Processing
ORD0684,2024-03-07,CUST221,PROD029,4,20000,80000,UPI,Delivered
ORD0685,2024-12-28,CUST211,PROD025,2,55000,110000,COD,Shipped
ORD0686,2024-08-17,CUST430,PROD013,4,700,2800,COD,Delivered
ORD0687,2024-03-02,CUST001,PROD005,5,1500,7500,Card,Delivered
ORD0688,2024-01-11,CUST249,PROD021,5,1500,7500,COD,Processing
ORD0689,2024-11-26,CUST420,PROD009,3,25000,75000,COD,Delivered
ORD0690,2024-02-02,CUST480,PROD006,3,2000,6000,Card,Delivered
ORD0691,2024-06-15,CUST339,PROD020,3,2000,6000,Card,Returned
ORD0692,2024-11-03,CUST364,PROD025,3,55000,165000,Card,Delivered
ORD0693,2024-09-06,CUST085,PROD030,2,2400,4800,Card,Delivered
ORD0694,2024-09-28,CUST023,PROD005,4,1500,6000,UPI,Delivered
ORD0695,2024-09-14,CUST368,PROD010,3,2400,7200,COD,Returned
ORD0696,2024-10-30,CUST076,PROD002,1,20000,20000,COD,Delivered
ORD0697,2024-11-21,CUST376,PROD001,2,55000,110000,UPI,Delivered
ORD0698,2024-10-19,CUST468,PROD025,1,55000,55000,COD,Delivered
ORD0699,2024-01-14,CUST320,PROD001,3,55000,165000,COD,Delivered
ORD0700,2024-01-13,CUST213,PROD002,4,20000,80000,UPI,Delivered
ORD0701,2024-10-06,CUST193,PROD025,2,55000,110000,COD,Delivered
ORD0702,2024-06-02,CUST168,PROD030,1,2400,2400,COD,Returned
ORD0703,2024-02-19,CUST489,PROD007,5,400,2000,COD,Cancelled
ORD0704,2024-02-23,CUST491,PROD015,5,55000,275000,Card,Delivered
ORD0705,2024-07-31,CUST060,PROD017,5,1500,7500,UPI,Delivered
ORD0706,2024-05-23,CUST155,PROD021,1,1500,1500,COD,Delivered
ORD0707,2024-03-19,CUST363,PROD023,1,20000,20000,UPI,Delivered
ORD0708,2024-11-22,CUST483,PROD027,4,30000,120000,COD,Delivered
ORD0709,2024-07-21,CUST260,PROD005,2,1500,3000,UPI,Processing
ORD0710,2024-10-27,CUST312,PROD027,4,30000,120000,COD,Processing
ORD0711,2024-03-25,CUST335,PROD025,1,55000,55000,COD,Cancelled
ORD0712,2024-05-08,CUST447,PROD003,2,25000,50000,UPI,Processing
ORD0713,2024-11-04,CUST435,PROD004,2,55000,110000,UPI,Returned
ORD0714,2024-12-29,CUST003,PROD005,4,1500,6000,UPI,Returned
ORD0715,2024-03-13,CUST341,PROD019,4,2400,9600,COD,Delivered
ORD0716,2024-03-05,CUST479,PROD010,4,2400,9600,UPI,Processing
ORD0717,2024-04-25,CUST326,PROD023,5,20000,100000,Card,Delivered
ORD0718,2024-08-29,CUST065,PROD020,5,2000,10000,UPI,Delivered
ORD0719,2024-08-24,CUST359,PROD018,3,20000,60000,Card,Delivered
ORD0720,2024-11-17,CUST135,PROD006,5,2000,10000,COD,Processing
ORD0721,2024-06-15,CUST377,PROD021,3,1500,4500,UPI,Delivered
ORD0722,2024-04-08,CUST041,PROD002,5,20000,100000,COD,Cancelled
ORD0723,2024-09-28,CUST490,PROD002,1,20000,20000,Card,Delivered
ORD0724,2024-02-28,CUST125,PROD012,2,30000,60000,Card,Cancelled
ORD0725,2024-03-10,CUST219,PROD015,3,55000,165000,COD,Returned
ORD0726,2024-01-31,CUST077,PROD019,1,2400,2400,Card,Delivered
ORD0727,2024-06-17,CUST207,PROD017,3,1500,4500,Card,Delivered
ORD0728,2024-10-30,CUST466,PROD019,3,2400,7200,Card,Delivered
ORD0729,2024-05-16,CUST085,PROD021,1,1500,1500,Card,Processing
ORD0730,2024-12-17,CUST336,PROD012,5,30000,150000,Card,Delivered
ORD0731,2024-09-10,CUST097,PROD018,1,20000,20000,COD,Shipped
ORD0732,2024-08-02,CUST049,PROD013,2,700,1400,UPI,Processing
ORD0733,2024-04-29,CUST201,PROD009,2,25000,50000,Card,Delivered
ORD0734,2024-07-21,CUST119,PROD025,5,55000,275000,Card,Processing
ORD0735,2024-09-26,CUST346,PROD021,3,1500,4500,UPI,Shipped
ORD0736,2024-01-11,CUST065,PROD020,1,2000,2000,COD,Cancelled
ORD0737,2024-05-06,CUST447,PROD008,1,20000,20000,COD,Delivered
ORD0738,2024-04-12,CUST492,PROD018,1,20000,20000,COD,Delivered
ORD0739,2024-07-27,CUST313,PROD025,3,55000,165000,UPI,Cancelled
ORD0740,2024-07-11,CUST379,PROD006,1,2000,2000,Card,Delivered
ORD0741,2024-03-12,CUST035,PROD026,5,20000,100000,COD,Delivered
ORD0742,2024-09-25,CUST375,PROD018,2,20000,40000,UPI,Processing
ORD0743,2024-06-25,CUST409,PROD006,3,2000,6000,UPI,Processing
ORD0744,2024-04-06,CUST385,PROD028,5,2000,10000,COD,Delivered
ORD0745,2024-09-17,CUST349,PROD028,1,2000,2000,COD,Delivered
ORD0746,2024-09-24,CUST351,PROD009,3,25000,75000,COD,Delivered
ORD0747,2024-04-13,CUST170,PROD001,4,55000,220000,COD,Delivered
ORD0748,2024-08-29,CUST277,PROD019,1,2400,2400,COD,Cancelled
ORD0749,2024-10-30,CUST015,PROD030,5,2400,12000,Card,Cancelled
ORD0750,2024-08-05,CUST367,PROD021,3,1500,4500,UPI,Processing
ORD0751,2024-03-12,CUST090,PROD007,3,400,1200,UPI,Returned
ORD0752,2024-12-24,CUST466,PROD030,2,2400,4800,UPI,Delivered
ORD0753,2024-07-14,CUST472,PROD013,3,700,2100,Card,Delivered
ORD0754,2024-11-17,CUST459,PROD015,5,55000,275000,COD,Shipped
ORD0755,2024-12-22,CUST222,PROD021,1,1500,1500,Card,Processing
ORD0756,2024-11-24,CUST078,PROD022,5,55000,275000,UPI,Processing
ORD0757,2024-10-30,CUST080,PROD015,3,55000,165000,COD,Delivered
ORD0758,2024-06-29,CUST455,PROD015,3,55000,165000,COD,Returned
ORD0759,2024-07-18,CUST235,PROD015,4,55000,220000,COD,Delivered
ORD0760,2024-02-04,CUST158,PROD010,5,2400,12000,COD,Cancelled
ORD0761,2024-03-13,CUST319,PROD022,2,55000,110000,Card,Delivered
ORD0762,2024-02-13,CUST021,PROD014,3,2000,6000,Card,Delivered
ORD0763,2024-04-17,CUST324,PROD018,1,20000,20000,Card,Delivered
ORD0764,2024-08-24,CUST430,PROD027,4,30000,120000,COD,Processing
ORD0765,2024-12-01,CUST365,PROD013,3,700,2100,COD,Delivered
ORD0766,2024-01-28,CUST199,PROD004,1,55000,55000,COD,Returned
ORD0767,2024-11-21,CUST222,PROD029,3,20000,60000,COD,Shipped
ORD0768,2024-10-25,CUST314,PROD020,4,2000,8000,UPI,Returned
ORD0769,2024-04-25,CUST203,PROD028,4,2000,8000,Card,Returned
ORD0770,2024-09-06,CUST116,PROD004,4,55000,220000,COD,Processing
ORD0771,2024-06-20,CUST180,PROD002,2,20000,40000,COD,Delivered
ORD0772,2024-04-25,CUST484,PROD009,5,25000,125000,UPI,Delivered
ORD0773,2024-04-01,CUST382,PROD024,4,2400,9600,UPI,Delivered
ORD0774,2024-04-18,CUST304,PROD020,2,2000,4000,UPI,Delivered
ORD0775,2024-09-07,CUST081,PROD011,4,700,2800,COD,Delivered
ORD0776,2024-02-08,CUST039,PROD026,2,20000,40000,UPI,Delivered
ORD0777,2024-09-23,CUST187,PROD003,4,25000,100000,Card,Shipped
ORD0778,2024-04-03,CUST353,PROD011,1,700,700,Card,Delivered
ORD0779,2024-11-25,CUST500,PROD026,5,20000,100000,UPI,Processing
ORD0780,2024-05-19,CUST248,PROD002,5,20000,100000,Card,Delivered
ORD0781,2024-12-16,CUST388,PROD028,5,2000,10000,Card,Delivered
ORD0782,2024-09-15,CUST039,PROD003,4,25000,100000,Card,Delivered
ORD0783,2024-09-24,CUST168,PROD011,1,700,700,COD,Processing
ORD0784,2024-04-15,CUST346,PROD012,3,30000,90000,COD,Cancelled
ORD0785,2024-07-27,CUST190,PROD002,5,20000,100000,Card,Delivered
ORD0786,2024-12-07,CUST126,PROD012,3,30000,90000,UPI,Delivered
ORD0787,2024-07-04,CUST231,PROD006,3,2000,6000,UPI,Delivered
ORD0788,2024-07-02,CUST368,PROD009,1,25000,25000,COD,Delivered
ORD0789,2024-03-26,CUST445,PROD030,5,2400,12000,UPI,Cancelled
ORD0790,2024-05-21,CUST049,PROD016,5,1500,7500,Card,Delivered
ORD0791,2024-09-02,CUST414,PROD029,3,20000,60000,UPI,Cancelled
ORD0792,2024-02-11,CUST372,PROD007,3,400,1200,COD,Shipped
ORD0793,2024-06-30,CUST452,PROD020,5,2000,10000,UPI,Delivered
ORD0794,2024-01-01,CUST350,PROD028,4,2000,8000,UPI,Delivered
ORD0795,2024-08-18,CUST161,PROD008,1,20000,20000,Card,Delivered
ORD0796,2024-05-06,CUST394,PROD015,2,55000,110000,Card,Delivered
ORD0797,2024-08-15,CUST363,PROD021,4,1500,6000,UPI,Returned
ORD0798,2024-03-04,CUST285,PROD003,1,25000,25000,COD,Processing
ORD0799,2024-05-02,CUST384,PROD007,2,400,800,Card,Delivered
ORD0800,2024-06-15,CUST224,PROD008,4,20000,80000,UPI,Delivered
ORD0801,2024-10-11,CUST481,PROD003,1,25000,25000,COD,Delivered
ORD0802,2024-10-29,CUST403,PROD016,4,1500,6000,Card,Processing
ORD0803,2024-07-09,CUST027,PROD019,4,2400,9600,UPI,Delivered
ORD0804,2024-02-03,CUST242,PROD012,5,30000,150000,Card,Delivered
ORD0805,2024-08-13,CUST433,PROD005,4,1500,6000,COD,Processing
ORD0806,2024-07-16,CUST118,PROD021,1,1500,1500,COD,Shipped
ORD0807,2024-01-16,CUST462,PROD021,1,1500,1500,UPI,Delivered
ORD0808,2024-06-01,CUST400,PROD006,2,2000,4000,COD,Processing
ORD0809,2024-06-05,CUST043,PROD011,5,700,3500,COD,Processing
ORD0810,2024-10-24,CUST290,PROD018,5,20000,100000,Card,Processing
ORD0811,2024-09-02,CUST091,PROD030,2,2400,4800,Card,Cancelled
ORD0812,2024-10-17,CUST199,PROD022,2,55000,110000,COD,Delivered
ORD0813,2024-02-01,CUST499,PROD015,1,55000,55000,COD,Returned
ORD0814,2024-10-08,CUST331,PROD015,4,55000,220000,UPI,Processing
ORD0815,2024-09-23,CUST196,PROD017,1,1500,1500,UPI,Delivered
ORD0816,2024-04-12,CUST259,PROD002,3,20000,60000,UPI,Delivered
ORD0817,2024-11-13,CUST117,PROD024,1,2400,2400,UPI,Processing
ORD0818,2024-05-28,CUST378,PROD016,4,1500,6000,COD,Cancelled
ORD0819,2024-09-18,CUST441,PROD011,3,700,2100,Card,Delivered
ORD0820,2024-11-07,CUST117,PROD011,2,700,1400,Card,Delivered
ORD0821,2024-03-18,CUST317,PROD017,2,1500,3000,UPI,Delivered
ORD0822,2024-10-22,CUST122,PROD024,1,2400,2400,Card,Delivered
ORD0823,2024-01-28,CUST285,PROD012,2,30000,60000,COD,Shipped
ORD0824,2024-01-28,CUST407,PROD010,2,2400,4800,COD,Processing
ORD0825,2024-01-07,CUST226,PROD012,1,30000,30000,COD,Delivered
ORD0826,2024-01-28,CUST150,PROD022,4,55000,220000,COD,Processing
ORD0827,2024-04-09,CUST216,PROD009,1,25000,25000,UPI,Delivered
ORD0828,2024-10-04,CUST387,PROD004,2,55000,110000,Card,Processing
ORD0829,2024-12-23,CUST270,PROD012,4,30000,120000,UPI,Delivered
ORD0830,2024-09-15,CUST361,PROD025,1,55000,55000,COD,Processing
ORD0831,2024-02-02,CUST052,PROD002,2,20000,40000,COD,Delivered
ORD0832,2024-02-04,CUST280,PROD022,1,55000,55000,UPI,Shipped
ORD0833,2024-04-24,CUST403,PROD017,4,1500,6000,UPI,Delivered
ORD0834,2024-10-12,CUST036,PROD023,5,20000,100000,Card,Delivered
ORD0835,2024-12-26,CUST009,PROD023,5,20000,100000,UPI,Delivered
ORD0836,2024-02-12,CUST457,PROD019,3,2400,7200,UPI,Cancelled
ORD0837,2024-09-06,CUST258,PROD014,5,2000,10000,COD,Delivered
ORD0838,2024-07-27,CUST486,PROD013,1,700,700,UPI,Delivered
ORD0839,2024-11-08,CUST179,PROD003,1,25000,25000,Card,Cancelled
ORD0840,2024-12-06,CUST436,PROD010,1,2400,2400,Card,Processing
ORD0841,2024-05-17,CUST298,PROD030,4,2400,9600,COD,Processing
ORD0842,2024-08-31,CUST474,PROD012,4,30000,120000,UPI,Delivered
ORD0843,2024-06-19,CUST190,PROD017,3,1500,4500,COD,Delivered
ORD0844,2024-07-27,CUST178,PROD002,5,20000,100000,Card,Shipped
ORD0845,2024-03-10,CUST099,PROD013,3,700,2100,UPI,Delivered
ORD0846,2024-10-16,CUST468,PROD025,2,55000,110000,Card,Shipped
ORD0847,2024-07-19,CUST417,PROD005,3,1500,4500,UPI,Delivered
ORD0848,2024-03-18,CUST429,PROD019,1,2400,2400,UPI,Cancelled
ORD0849,2024-10-14,CUST305,PROD013,2,700,1400,COD,Returned
ORD0850,2024-08-12,CUST112,PROD008,4,20000,80000,Card,Delivered
ORD0851,2024-08-21,CUST434,PROD026,1,20000,20000,COD,Delivered
ORD0852,2024-09-06,CUST123,PROD005,1,1500,1500,UPI,Delivered
ORD0853,2024-05-15,CUST364,PROD016,5,1500,7500,Card,Delivered
ORD0854,2024-04-02,CUST473,PROD029,5,20000,100000,UPI,Delivered
ORD0855,2024-02-18,CUST151,PROD012,5,30000,150000,COD,Delivered
ORD0856,2024-09-19,CUST066,PROD002,2,20000,40000,Card,Returned
ORD0857,2024-02-20,CUST350,PROD017,2,1500,3000,COD,Delivered
ORD0858,2024-11-24,CUST461,PROD018,5,20000,100000,COD,Delivered
ORD0859,2024-01-26,CUST219,PROD026,1,20000,20000,COD,Delivered
ORD0860,2024-09-11,CUST098,PROD013,5,700,3500,COD,Shipped
ORD0861,2024-02-11,CUST361,PROD029,2,20000,40000,UPI,Delivered
ORD0862,2024-11-09,CUST242,PROD001,1,55000,55000,Card,Returned
ORD0863,2024-08-04,CUST343,PROD006,5,2000,10000,Card,Delivered
ORD0864,2024-04-30,CUST483,PROD011,3,700,2100,UPI,Delivered
ORD0865,2024-09-27,CUST151,PROD002,3,20000,60000,UPI,Shipped
ORD0866,2024-05-28,CUST273,PROD010,3,2400,7200,Card,Delivered
ORD0867,2024-07-10,CUST204,PROD026,3,20000,60000,COD,Delivered
ORD0868,2024-07-15,CUST085,PROD025,5,55000,275000,Card,Returned
ORD0869,2024-05-24,CUST405,PROD014,4,2000,8000,COD,Cancelled
ORD0870,2024-11-06,CUST131,PROD009,1,25000,25000,Card,Delivered
ORD0871,2024-07-25,CUST036,PROD024,5,2400,12000,UPI,Processing
ORD0872,2024-12-19,CUST286,PROD002,2,20000,40000,UPI,Delivered
ORD0873,2024-08-03,CUST412,PROD009,4,25000,100000,Card,Returned
ORD0874,2024-09-21,CUST439,PROD014,2,2000,4000,COD,Returned
ORD0875,2024-08-05,CUST173,PROD023,5,20000,100000,Card,Delivered
ORD0876,2024-02-26,CUST244,PROD017,4,1500,6000,COD,Delivered
ORD0877,2024-04-23,CUST083,PROD027,2,30000,60000,COD,Returned
ORD0878,2024-03-28,CUST436,PROD001,2,55000,110000,Card,Delivered
ORD0879,2024-01-27,CUST069,PROD013,5,700,3500,Card,Delivered
ORD0880,2024-04-01,CUST319,PROD003,4,25000,100000,Card,Cancelled
ORD0881,2024-02-13,CUST393,PROD003,3,25000,75000,Card,Delivered
ORD0882,2024-05-05,CUST443,PROD005,1,1500,1500,Card,Delivered
ORD0883,2024-08-05,CUST249,PROD014,5,2000,10000,UPI,Delivered
ORD0884,2024-12-15,CUST271,PROD020,1,2000,2000,Card,Returned
ORD0885,2024-10-03,CUST421,PROD024,3,2400,7200,COD,Delivered
ORD0886,2024-12-12,CUST071,PROD004,5,55000,275000,Card,Cancelled
ORD0887,2024-08-20,CUST279,PROD014,5,2000,10000,COD,Cancelled
ORD0888,2024-08-25,CUST140,PROD026,1,20000,20000,COD,Returned
ORD0889,2024-11-14,CUST434,PROD030,5,2400,12000,COD,Returned
ORD0890,2024-02-09,CUST139,PROD020,5,2000,10000,Card,Delivered
ORD0891,2024-06-20,CUST490,PROD016,2,1500,3000,Card,Delivered
ORD0892,2024-04-24,CUST290,PROD001,3,55000,165000,Card,Delivered
ORD0893,2024-09-30,CUST056,PROD012,4,30000,120000,UPI,Delivered
ORD0894,2024-03-09,CUST139,PROD012,5,30000,150000,UPI,Delivered
ORD0895,2024-08-11,CUST484,PROD025,3,55000,165000,Card,Delivered
ORD0896,2024-02-10,CUST481,PROD020,4,2000,8000,COD,Delivered
ORD0897,2024-09-09,CUST027,PROD010,2,2400,4800,COD,Processing
ORD0898,2024-08-06,CUST179,PROD023,2,20000,40000,COD,Delivered
ORD0899,2024-07-27,CUST433,PROD030,5,2400,12000,COD,Delivered
ORD0900,2024-11-04,CUST432,PROD007,4,400,1600,UPI,Shipped
ORD0901,2024-08-09,CUST228,PROD024,3,2400,7200,COD,Delivered
ORD0902,2024-11-14,CUST271,PROD017,5,1500,7500,UPI,Shipped
ORD0903,2024-11-10,CUST432,PROD003,1,25000,25000,Card,Shipped
ORD0904,2024-06-10,CUST270,PROD016,1,1500,1500,UPI,Delivered
ORD0905,2024-09-08,CUST104,PROD016,1,1500,1500,COD,Delivered
ORD0906,2024-07-13,CUST151,PROD021,3,1500,4500,Card,Delivered
ORD0907,2024-09-18,CUST168,PROD001,4,55000,220000,COD,Delivered
ORD0908,2024-05-04,CUST497,PROD009,3,25000,75000,Card,Returned
ORD0909,2024-12-07,CUST074,PROD029,1,20000,20000,UPI,Delivered
ORD0910,2024-09-01,CUST218,PROD020,5,2000,10000,Card,Delivered
ORD0911,2024-09-18,CUST315,PROD012,1,30000,30000,COD,Returned
ORD0912,2024-04-27,CUST494,PROD015,5,55000,275000,UPI,Delivered
ORD0913,2024-01-03,CUST431,PROD001,4,55000,220000,UPI,Delivered
ORD0914,2024-08-08,CUST109,PROD030,2,2400,4800,COD,Returned
ORD0915,2024-12-30,CUST233,PROD018,3,20000,60000,UPI,Delivered
ORD0916,2024-10-20,CUST303,PROD001,3,55000,165000,Card,Delivered
ORD0917,2024-02-15,CUST372,PROD002,5,20000,100000,Card,Returned
ORD0918,2024-12-01,CUST157,PROD001,2,55000,110000,Card,Delivered
ORD0919,2024-12-27,CUST236,PROD015,2,55000,110000,COD,Returned
ORD0920,2024-03-17,CUST274,PROD017,4,1500,6000,Card,Delivered
ORD0921,2024-09-26,CUST415,PROD026,3,20000,60000,UPI,Delivered
ORD0922,2024-10-16,CUST310,PROD022,3,55000,165000,Card,Delivered
ORD0923,2024-06-01,CUST130,PROD005,3,1500,4500,COD,Cancelled
ORD0924,2024-08-04,CUST348,PROD010,1,2400,2400,UPI,Cancelled
ORD0925,2024-05-23,CUST196,PROD005,2,1500,3000,UPI,Delivered
ORD0926,2024-09-27,CUST325,PROD010,5,2400,12000,Card,Cancelled
ORD0927,2024-11-26,CUST207,PROD003,3,25000,75000,UPI,Delivered
ORD0928,2024-07-11,CUST344,PROD012,4,30000,120000,COD,Delivered
ORD0929,2024-05-23,CUST059,PROD001,3,55000,165000,UPI,Delivered
ORD0930,2024-08-18,CUST008,PROD011,1,700,700,COD,Delivered
ORD0931,2024-04-14,CUST242,PROD022,2,55000,110000,UPI,Delivered
ORD0932,2024-01-03,CUST199,PROD023,3,20000,60000,COD,Delivered
ORD0933,2024-07-10,CUST431,PROD015,3,55000,165000,Card,Delivered
ORD0934,2024-06-22,CUST443,PROD024,4,2400,9600,UPI,Processing
ORD0935,2024-10-13,CUST082,PROD012,1,30000,30000,Card,Shipped
ORD0936,2024-11-02,CUST122,PROD024,1,2400,2400,COD,Returned
ORD0937,2024-02-01,CUST335,PROD011,2,700,1400,Card,Delivered
ORD0938,2024-07-19,CUST207,PROD015,5,55000,275000,UPI,Cancelled
ORD0939,2024-02-16,CUST430,PROD001,5,55000,275000,Card,Delivered
ORD0940,2024-12-15,CUST062,PROD007,3,400,1200,COD,Delivered
ORD0941,2024-06-04,CUST049,PROD013,4,700,2800,COD,Delivered
ORD0942,2024-04-21,CUST432,PROD017,2,1500,3000,Card,Delivered
ORD0943,2024-07-21,CUST349,PROD001,5,55000,275000,COD,Shipped
ORD0944,2024-07-26,CUST375,PROD007,4,400,1600,UPI,Returned
ORD0945,2024-04-15,CUST469,PROD013,5,700,3500,UPI,Shipped
ORD0946,2024-12-15,CUST234,PROD030,2,2400,4800,Card,Delivered
ORD0947,2024-04-18,CUST312,PROD009,1,25000,25000,COD,Delivered
ORD0948,2024-08-06,CUST433,PROD009,4,25000,100000,COD,Delivered
ORD0949,2024-05-24,CUST070,PROD011,3,700,2100,UPI,Processing
ORD0950,2024-10-28,CUST066,PROD003,5,25000,125000,UPI,Delivered
ORD0951,2024-06-11,CUST482,PROD018,1,20000,20000,COD,Delivered
ORD0952,2024-09-25,CUST240,PROD017,3,1500,4500,COD,Delivered
ORD0953,2024-03-01,CUST250,PROD027,2,30000,60000,Card,Shipped
ORD0954,2024-03-21,CUST249,PROD021,4,1500,6000,UPI,Cancelled
ORD0955,2024-05-20,CUST056,PROD028,2,2000,4000,Card,Processing
ORD0956,2024-11-04,CUST153,PROD016,1,1500,1500,UPI,Cancelled
ORD0957,2024-08-27,CUST295,PROD003,4,25000,100000,Card,Delivered
ORD0958,2024-10-05,CUST107,PROD012,2,30000,60000,UPI,Delivered
ORD0959,2024-06-17,CUST316,PROD030,3,2400,7200,Card,Delivered
ORD0960,2024-09-16,CUST451,PROD022,1,55000,55000,UPI,Delivered
ORD0961,2024-07-26,CUST213,PROD018,2,20000,40000,Card,Delivered
ORD0962,2024-09-03,CUST309,PROD008,4,20000,80000,Card,Shipped
ORD0963,2024-06-13,CUST476,PROD014,3,2000,6000,Card,Shipped
ORD0964,2024-09-08,CUST396,PROD027,1,30000,30000,COD,Delivered
ORD0965,2024-03-26,CUST201,PROD017,1,1500,1500,COD,Delivered
ORD0966,2024-06-12,CUST489,PROD011,1,700,700,UPI,Delivered
ORD0967,2024-04-09,CUST042,PROD022,3,55000,165000,Card,Shipped
ORD0968,2024-09-04,CUST285,PROD001,2,55000,110000,Card,Delivered
ORD0969,2024-03-15,CUST223,PROD003,4,25000,100000,COD,Returned
ORD0970,2024-05-14,CUST415,PROD015,2,55000,110000,COD,Delivered
ORD0971,2024-05-16,CUST096,PROD027,2,30000,60000,UPI,Delivered
ORD0972,2024-06-23,CUST062,PROD027,5,30000,150000,Card,Delivered
ORD0973,2024-01-02,CUST386,PROD021,2,1500,3000,UPI,Shipped
ORD0974,2024-07-19,CUST401,PROD015,5,55000,275000,Card,Delivered
ORD0975,2024-11-09,CUST314,PROD016,4,1500,6000,UPI,Returned
ORD0976,2024-11-07,CUST363,PROD010,1,2400,2400,COD,Processing
ORD0977,2024-03-24,CUST118,PROD005,2,1500,3000,UPI,Shipped
ORD0978,2024-02-12,CUST385,PROD021,4,1500,6000,Card,Processing
ORD0979,2024-06-06,CUST367,PROD014,1,2000,2000,Card,Processing
ORD0980,2024-09-29,CUST417,PROD003,4,25000,100000,Card,Delivered
ORD0981,2024-05-29,CUST148,PROD016,3,1500,4500,UPI,Delivered
ORD0982,2024-10-18,CUST287,PROD024,5,2400,12000,Card,Delivered
ORD0983,2024-01-10,CUST451,PROD019,3,2400,7200,COD,Delivered
ORD0984,2024-05-25,CUST219,PROD021,3,1500,4500,Card,Delivered
ORD0985,2024-02-01,CUST448,PROD023,3,20000,60000,Card,Delivered
ORD0986,2024-10-08,CUST092,PROD030,5,2400,12000,COD,Delivered
ORD0987,2024-02-28,CUST184,PROD030,5,2400,12000,COD,Cancelled
ORD0988,2024-08-03,CUST310,PROD022,2,55000,110000,UPI,Delivered
ORD0989,2024-06-01,CUST027,PROD024,3,2400,7200,UPI,Delivered
ORD0990,2024-02-24,CUST061,PROD019,3,2400,7200,COD,Returned
ORD0991,2024-04-06,CUST317,PROD012,2,30000,60000,UPI,Delivered
ORD0992,2024-05-06,CUST427,PROD004,2,55000,110000,Card,Delivered
ORD0993,2024-10-29,CUST442,PROD019,1,2400,2400,Card,Returned
ORD0994,2024-03-10,CUST214,PROD013,5,700,3500,COD,Delivered
ORD0995,2024-12-01,CUST086,PROD004,3,55000,165000,UPI,Processing
ORD0996,2024-03-16,CUST219,PROD019,2,2400,4800,Card,Delivered
ORD0997,2024-08-06,CUST036,PROD008,1,20000,20000,Card,Shipped
ORD0998,2024-06-16,CUST059,PROD018,1,20000,20000,UPI,Delivered
ORD0999,2024-01-25,CUST439,PROD007,3,400,1200,UPI,Returned
ORD1000,2024-06-19,CUST467,PROD021,3,1500,4500,COD,Returned
